Jane Miller,Manager,6409
Emma Smith,Developer,3630
Mike Williams,Manager,7517
John Miller,Developer,3145
Bob Smith,Manager,4380
Bob Garcia,Developer,2062
Jane Miller,Manager,7735
Emma Miller,Developer,6215
Bob Brown,Developer,7828
John Johnson,Manager,3267
Victoria Johnson,Developer,1556
Bob Davis,Manager,6593
Alex Williams,QA,3132
Bob Davis,Manager,7243
Alex Williams,QA,1828
Alex Smith,Manager,8048
Alice Miller,Manager,6929
John Johnson,QA,3205
Victoria Garcia,Developer,7409
Victoria Miller,Manager,3623
Emma Brown,QA,2323
Bob Smith,Manager,7303
Jane Davis,Developer,6397
Victoria Davis,Developer,3101
Emma Davis,Developer,2152
Victoria Smith,Developer,4313
Jane Davis,Manager,9352
Alex Davis,Developer,3088
Alex Williams,Manager,5862
Emma Williams,Developer,1817
Jane Garcia,Developer,3604
Sarah Garcia,Manager,6957
Sarah Garcia,Developer,2694
John Brown,QA,1480
Alice Johnson,QA,2157
David Brown,Manager,3061
Alex Jones,Developer,5484
Jane Smith,Manager,2907
Sarah Davis,Manager,3027
Sarah Miller,Developer,1707
Bob Davis,QA,1812
Sarah Johnson,Manager,2931
Sarah Jones,QA,1331
Victoria Miller,QA,1953
Victoria Miller,QA,2340
David Garcia,QA,1985
Jane Brown,Manager,2457
John Miller,Developer,2622
Alex Garcia,QA,2339
Emma Johnson,Developer,4848
Alex Miller,QA,2806
Alex Williams,Developer,1752
Alex Jones,Manager,3903
Sarah Johnson,Developer,7096
Bob Davis,Manager,2105
David Williams,Manager,7369
Sarah Jones,QA,3746
John Miller,QA,1629
Jane Jones,QA,1004
Emma Smith,Manager,9048
John Williams,Developer,3642
David Davis,Developer,6599
Bob Jones,Developer,4816
John Brown,Developer,7349
Sarah Brown,Manager,3362
Sarah Davis,Developer,5459
David Brown,Manager,5743
Bob Brown,Developer,6687
Jane Smith,Manager,4553
Jane Miller,Manager,2015
Alice Garcia,Developer,3223
Emma Williams,Developer,5474
Emma Miller,Manager,3070
Jane Brown,Developer,3652
John Garcia,Manager,9714
Jane Smith,Manager,7188
David Miller,QA,3018
Alex Garcia,Developer,5537
Jane Johnson,Developer,5017
Mike Brown,Manager,6061
Bob Miller,Developer,4391
Emma Brown,QA,1730
Mike Davis,Manager,4089
Emma Brown,QA,1145
Sarah Williams,Developer,2110
Mike Williams,Developer,5438
John Brown,Developer,2286
Emma Williams,Manager,3258
John Garcia,QA,3566
Alex Smith,QA,1636
Sarah Smith,Developer,6403
Alice Jones,Developer,3186
Alice Davis,QA,1437
Emma Williams,Manager,4866
Mike Davis,QA,1473
Jane Garcia,QA,3316
Victoria Williams,QA,2233
John Johnson,Manager,7875
Alice Smith,Developer,2493
Alex Smith,Developer,7603
Sarah Davis,QA,1235
Mike Jones,QA,2751
Mike Jones,Developer,1971
David Williams,QA,3339
Bob Davis,QA,1526
Jane Miller,Manager,7683
Sarah Johnson,QA,1063
Victoria Miller,Developer,3656
Bob Johnson,Manager,7257
Jane Davis,Developer,5001
John Miller,Manager,5232
Sarah Miller,QA,2621
Bob Brown,Manager,5759
John Davis,Manager,8537
John Garcia,Developer,3193
John Brown,Developer,7610
Sarah Miller,QA,3778
Alex Davis,QA,2825
Jane Davis,Manager,8170
Jane Smith,QA,2760
Alice Johnson,Developer,6732
Jane Miller,Manager,6882
Sarah Williams,Manager,4181
Mike Johnson,QA,2689
David Brown,Manager,5468
David Jones,Developer,4648
Mike Jones,Manager,9416
Mike Smith,QA,2485
David Johnson,Developer,2170
Sarah Davis,Developer,6109
Alex Smith,Manager,8318
Victoria Jones,Developer,7601
John Williams,QA,3754
John Smith,Developer,6222
Alex Smith,QA,1768
David Miller,Developer,3512
John Williams,Developer,7989
Jane Brown,Manager,2041
Emma Smith,QA,3723
Victoria Davis,Manager,8173
Emma Davis,Developer,3991
John Williams,Developer,7165
Emma Garcia,Developer,3658
Jane Williams,Developer,6839
Alice Williams,Developer,1594
Alex Smith,Developer,2471
David Brown,Manager,8105
Mike Brown,QA,3627
John Jones,Developer,6834
Alex Garcia,Manager,8527
Bob Jones,Manager,7438
Alex Smith,QA,1578
David Smith,Manager,5600
Mike Johnson,Manager,7474
Bob Davis,Developer,7059
Alex Davis,Manager,9364
David Brown,Manager,8031
Sarah Jones,Developer,1875
Mike Davis,Manager,6720
Emma Johnson,Developer,7780
Victoria Brown,Manager,6955
Emma Smith,Developer,6093
Jane Jones,QA,1082
Alex Garcia,Developer,4553
Jane Miller,Manager,7692
Alice Jones,QA,1847
Victoria Brown,Manager,9528
John Smith,Manager,5157
John Johnson,Developer,1697
Mike Miller,Developer,6284
Victoria Jones,Manager,3369
Victoria Davis,Manager,3890
Mike Davis,Manager,8270
Emma Davis,Developer,1444
Alice Smith,QA,936
David Brown,Developer,2480
John Garcia,Developer,3212
Mike Davis,Manager,5312
Alex Miller,QA,962
John Davis,Manager,2784
John Jones,Developer,7183
Bob Brown,Manager,5054
Alice Brown,QA,2194
Mike Williams,Manager,3319
Mike Brown,Manager,3813
David Garcia,QA,3365
Emma Smith,QA,2269
Mike Johnson,Manager,2408
Bob Garcia,Developer,4145
Emma Brown,Developer,2732
Alice Williams,Manager,2797
John Jones,Manager,2740
Bob Davis,Manager,6634
David Smith,QA,3722
Jane Brown,QA,1422
John Garcia,Developer,5803
Alice Jones,Manager,7014
Bob Johnson,Manager,2624
Mike Williams,Manager,7910
Mike Brown,Developer,6703
Emma Davis,QA,1854
Bob Smith,Developer,4218
David Williams,QA,1675
Alice Brown,QA,3713
Victoria Davis,QA,3411
Bob Davis,Developer,5813
Jane Garcia,QA,1277
Mike Williams,QA,959
David Jones,Manager,8734
Sarah Davis,QA,1736
Bob Williams,QA,2605
David Williams,Developer,2538
Bob Williams,Developer,5539
Sarah Johnson,QA,3211
Mike Miller,QA,3973
Emma Miller,Developer,3142
Sarah Williams,Developer,7841
Bob Miller,Developer,3349
Alex Brown,Developer,2612
Alice Brown,Manager,9082
Alice Miller,QA,3741
Sarah Davis,Manager,4038
David Smith,QA,2790
David Smith,Developer,1104
John Brown,QA,1364
Mike Johnson,QA,3056
Emma Williams,QA,1936
Jane Johnson,Developer,3994
Alex Brown,Developer,3405
Alex Davis,Manager,5915
David Johnson,QA,1185
Emma Davis,Manager,2082
Sarah Miller,Developer,6999
Alice Brown,QA,2608
Bob Davis,QA,3656
Sarah Smith,Developer,5135
Bob Williams,QA,1710
Sarah Johnson,Developer,7509
John Brown,QA,3667
John Johnson,Developer,7068
Victoria Jones,Developer,6662
Victoria Smith,QA,1443
Emma Davis,Developer,6331
David Johnson,QA,3462
Bob Jones,Developer,3315
Victoria Johnson,Developer,7461
Jane Miller,Developer,4697
David Brown,Developer,6183
Alex Garcia,Developer,7742
Bob Williams,Developer,3316
Emma Garcia,Developer,4242
Bob Davis,Developer,2292
Alice Williams,Manager,2577
Victoria Garcia,Developer,1159
Bob Brown,Developer,4208
Alice Williams,QA,830
Sarah Brown,QA,1624
Alice Garcia,Manager,8569
John Garcia,Developer,1579
Bob Garcia,QA,2778
Bob Garcia,Developer,1358
Jane Miller,QA,1749
David Smith,QA,3667
Jane Johnson,Developer,6177
John Garcia,Manager,7868
Alice Williams,Developer,6156
Sarah Miller,Manager,3631
David Garcia,Developer,4113
Sarah Davis,Manager,2928
David Smith,Developer,7173
Victoria Jones,QA,2740
Sarah Brown,Developer,1366
Bob Johnson,Manager,2611
Sarah Miller,QA,3492
Victoria Brown,Manager,9543
Mike Davis,Manager,4217
Alice Jones,Manager,6112
Alex Brown,Manager,5029
Alex Johnson,Manager,9786
Sarah Garcia,Developer,4431
Mike Garcia,Manager,8137
David Miller,QA,1030
Jane Williams,Developer,1644
Alex Jones,QA,1483
Jane Smith,QA,1059
Emma Smith,Manager,7221
David Miller,Manager,2968
Jane Brown,Developer,4547
Alex Jones,Manager,8058
Victoria Miller,Developer,2762
Alice Smith,Developer,2077
Alex Brown,QA,1103
David Johnson,Developer,2603
Emma Williams,QA,3676
Alex Miller,QA,3080
John Garcia,Manager,8633
Mike Brown,QA,1276
David Williams,Manager,9289
Alex Brown,Developer,2997
Jane Davis,Developer,7577
Mike Smith,QA,3039
Alex Brown,QA,3186
Jane Garcia,QA,1478
Jane Garcia,Manager,7196
John Miller,Developer,2255
Emma Garcia,Developer,5020
David Miller,Manager,5860
Emma Jones,Manager,7269
Mike Davis,QA,1780
Bob Johnson,Manager,5338
Alex Williams,Developer,1342
Bob Johnson,Developer,1859
Victoria Miller,QA,2583
Bob Miller,Manager,4854
Victoria Johnson,Developer,3483
Bob Brown,Manager,7523
Mike Smith,Developer,5125
Alex Davis,Developer,2147
Victoria Jones,Developer,5947
John Smith,QA,3404
Bob Johnson,QA,3423
Bob Miller,Manager,5474
Bob Brown,Developer,1878
Jane Johnson,QA,3267
Alex Smith,QA,2903
John Brown,Manager,9822
Bob Jones,Manager,3852
Jane Jones,Manager,3801
John Williams,Developer,1195
Sarah Jones,QA,1799
Mike Johnson,QA,1722
Sarah Garcia,QA,1309
Jane Williams,QA,2179
John Jones,Manager,8792
Alice Miller,Manager,8189
John Williams,QA,821
Sarah Smith,Manager,9796
David Jones,Manager,6677
Alex Smith,Developer,3281
Victoria Williams,Manager,2623
David Garcia,QA,3258
Alex Jones,QA,3161
Victoria Davis,Developer,6769
David Miller,QA,1087
Sarah Miller,Manager,3467
Bob Smith,Manager,5510
David Davis,Developer,6513
Emma Smith,Developer,5867
Sarah Miller,Developer,4947
Bob Miller,Manager,6298
Emma Smith,Developer,4374
Victoria Smith,Manager,3609
Jane Miller,Developer,7418
John Jones,Manager,7129
Sarah Smith,QA,1882
Alice Smith,QA,1746
Emma Brown,QA,3149
Bob Davis,Manager,2466
Sarah Jones,Manager,6512
Alex Garcia,QA,2583
Emma Brown,QA,3522
Bob Brown,Manager,8698
Victoria Smith,Developer,5791
David Garcia,Developer,2821
Alex Johnson,Manager,5789
Sarah Smith,QA,1038
John Smith,Developer,2588
Jane Jones,QA,947
Mike Davis,QA,2365
Mike Jones,Manager,4666
David Davis,Developer,2544
Victoria Jones,Developer,4399
Alice Johnson,QA,3630
David Jones,Manager,9845
Alice Garcia,QA,2233
Bob Smith,QA,2658
Victoria Miller,Developer,2915
Emma Johnson,Manager,9909
Victoria Garcia,QA,1557
Sarah Johnson,Developer,6521
Alex Johnson,Manager,6874
Alex Brown,QA,1048
Emma Williams,Developer,2278
Jane Williams,Manager,4097
John Jones,Manager,7630
David Jones,QA,3435
John Brown,QA,1849
David Williams,Manager,4146
Victoria Miller,Manager,7672
David Smith,Manager,8181
Alex Brown,Manager,8925
David Williams,Developer,7488
John Garcia,Developer,4057
Alice Smith,QA,1388
John Brown,Manager,6965
Alice Davis,QA,1791
Bob Johnson,Manager,2072
Victoria Williams,QA,3623
Alice Davis,QA,2910
Jane Smith,Manager,4637
Sarah Garcia,QA,2569
Sarah Garcia,Manager,8360
Alex Johnson,Manager,6567
Bob Williams,Developer,2522
John Jones,Developer,4969
Alex Smith,Manager,6844
Emma Smith,QA,1999
Mike Williams,QA,3758
John Davis,Developer,3738
Jane Smith,Developer,4849
Alice Miller,Manager,6158
Bob Johnson,Manager,3038
Sarah Brown,Manager,3404
Jane Miller,Developer,2069
David Smith,QA,1621
Victoria Garcia,Developer,3249
Mike Davis,QA,3500
Jane Johnson,Developer,2952
Emma Jones,Manager,6118
David Johnson,Manager,6072
Victoria Jones,QA,985
Mike Smith,Developer,6869
Emma Davis,QA,1030
Jane Johnson,Developer,5529
Victoria Johnson,Manager,9984
Emma Smith,QA,2583
David Smith,QA,3587
Jane Brown,Developer,1772
Emma Garcia,QA,2012
Sarah Johnson,Manager,5661
Sarah Garcia,Developer,5923
Alex Garcia,Developer,7660
Jane Miller,Developer,6889
Mike Miller,Manager,7302
David Brown,QA,2111
John Garcia,Manager,7629
Alex Brown,Developer,6859
Mike Johnson,Developer,7646
Jane Smith,Manager,2631
Mike Johnson,Manager,6127
David Johnson,Developer,6896
Victoria Garcia,Manager,6377
Jane Williams,Manager,7674
John Williams,Manager,5161
Alice Garcia,Manager,3232
Emma Miller,Manager,7911
Sarah Davis,Developer,6568
Alice Williams,QA,1848
Bob Williams,QA,2853
John Jones,Manager,9127
David Miller,Developer,1466
Emma Garcia,Manager,3627
Mike Garcia,Developer,5633
Mike Johnson,Developer,3424
Mike Davis,Manager,7613
Alice Miller,Manager,4409
Alice Brown,Developer,6737
Victoria Jones,Developer,4141
Victoria Brown,Developer,3234
David Jones,Developer,3200
Victoria Smith,QA,2502
Mike Brown,Manager,2000
John Miller,Manager,3275
Emma Miller,Developer,4468
John Brown,Developer,3884
Sarah Brown,QA,1310
Jane Miller,QA,1907
Alex Williams,QA,2963
Emma Williams,Manager,4319
Emma Davis,Developer,3928
David Williams,Developer,7462
David Williams,Manager,6201
Alice Williams,Developer,5639
Victoria Jones,Manager,6213
Sarah Williams,Developer,4423
Alice Garcia,QA,3766
Jane Williams,Developer,6797
Mike Johnson,Developer,4480
David Smith,QA,1940
Mike Brown,Manager,7922
Emma Jones,Manager,8256
Bob Davis,QA,3406
Bob Garcia,Developer,4639
Sarah Smith,QA,2162
Bob Brown,Manager,5464
Alex Williams,Developer,4156
Jane Davis,Developer,1915
Alex Garcia,Developer,1690
John Miller,Manager,4215
Alice Davis,Developer,4879
Sarah Smith,QA,1858
Jane Brown,Manager,5498
Emma Davis,Manager,8022
Alice Davis,Developer,4368
Alice Garcia,Developer,7676
Victoria Williams,Manager,4835
Emma Williams,QA,1375
Alice Davis,QA,2435
Sarah Davis,Manager,4006
Mike Williams,Developer,3846
Sarah Davis,Manager,9992
John Miller,QA,999
David Williams,Developer,3864
Alex Williams,QA,2542
Victoria Williams,Developer,7986
Bob Brown,QA,2092
Alice Jones,QA,1434
Alex Johnson,QA,1310
Emma Garcia,Developer,4199
Bob Miller,QA,1188
Alice Davis,Developer,5943
Mike Smith,Developer,4948
Emma Davis,Manager,5612
Emma Garcia,Developer,1338
Alex Davis,Manager,7988
Jane Miller,Developer,4656
Mike Smith,Manager,3065
David Miller,Developer,1213
David Smith,QA,3148
Alex Jones,Manager,4984
Victoria Johnson,Manager,2031
Victoria Garcia,Manager,4893
Mike Jones,Manager,8240
Mike Williams,Manager,3887
John Garcia,Developer,4246
Alice Williams,Manager,5398
Mike Smith,QA,2887
Alice Garcia,QA,2289
Sarah Johnson,Manager,7682
Jane Williams,Developer,4474
Emma Johnson,QA,2728
Alex Jones,QA,3886
John Johnson,Developer,6455
Alex Brown,QA,3955
Sarah Davis,Manager,8385
David Smith,Developer,7448
David Smith,QA,3773
David Williams,QA,1928
Alice Davis,QA,1777
Sarah Garcia,QA,3414
John Davis,QA,1783
Jane Davis,QA,1889
Mike Brown,Developer,1750
Emma Smith,QA,836
Alice Miller,Manager,9183
John Williams,Manager,9416
Alice Brown,Developer,3150
Alice Williams,Manager,6887
Alex Johnson,Manager,7365
David Miller,Manager,3981
Bob Miller,Developer,2605
David Jones,Manager,7756
Alex Garcia,QA,2575
Victoria Johnson,Developer,7755
Sarah Brown,Developer,2643
Victoria Smith,Manager,3622
John Johnson,QA,3691
Jane Williams,Developer,2144
Alex Williams,Developer,4485
Mike Williams,Manager,7605
Victoria Miller,QA,3645
Alex Johnson,QA,835
Mike Jones,Manager,5675
Mike Miller,Manager,2312
Sarah Smith,QA,3044
Alex Williams,Developer,3405
Emma Brown,QA,3169
Victoria Miller,Developer,5491
Bob Johnson,Developer,3070
Mike Smith,Manager,4474
Victoria Johnson,QA,3797
Sarah Smith,QA,3738
Alex Davis,Developer,2527
Bob Williams,QA,1619
John Miller,Manager,7489
Bob Jones,Manager,4223
Mike Miller,Manager,9817
Bob Johnson,QA,1824
Jane Williams,Developer,5444
Alice Smith,QA,966
Emma Brown,QA,3943
Sarah Garcia,Developer,3146
Sarah Brown,Manager,7961
Mike Miller,QA,2171
Bob Smith,QA,2006
Victoria Davis,QA,2526
John Garcia,Manager,8522
Victoria Jones,QA,1105
Bob Miller,Developer,4533
Victoria Brown,Manager,9109
Mike Smith,Manager,9711
David Johnson,Developer,1070
Jane Smith,QA,3151
Bob Jones,Developer,2496
John Jones,QA,2684
David Miller,Developer,3922
Sarah Williams,QA,1476
John Miller,QA,3221
Mike Williams,Manager,9733
Emma Brown,Manager,4523
Emma Smith,QA,1526
Alex Johnson,Manager,2369
Emma Garcia,QA,3879
John Davis,Developer,1648
Jane Johnson,Developer,6150
Mike Brown,Developer,1044
Bob Brown,Manager,8635
David Miller,QA,3093
David Davis,Manager,6312
Victoria Davis,QA,2722
Mike Williams,Developer,5322
Victoria Davis,Manager,6663
John Smith,QA,3765
Bob Garcia,Manager,9517
Emma Garcia,QA,3055
Alice Brown,Manager,9622
Mike Davis,Developer,4757
Alex Miller,Developer,7943
Victoria Smith,Developer,6254
John Brown,Developer,2236
Victoria Johnson,QA,999
Emma Williams,Manager,3509
Alex Miller,Manager,6263
Sarah Johnson,Developer,1576
John Brown,Manager,3809
Emma Miller,QA,3266
Sarah Miller,QA,3081
Victoria Jones,Manager,8432
Alex Williams,QA,1691
Bob Jones,Developer,4195
Mike Williams,Manager,4973
Mike Johnson,Developer,6946
Alice Miller,Developer,6990
David Jones,Developer,1769
Alex Smith,Manager,5803
Mike Williams,QA,829
Sarah Garcia,Manager,4318
Alex Smith,Manager,6230
John Williams,QA,2749
Alex Davis,Manager,8767
David Williams,QA,1038
Mike Williams,Developer,7548
John Williams,QA,2929
Victoria Brown,Developer,2814
Emma Smith,QA,3805
Emma Davis,Manager,8595
Jane Johnson,Developer,1879
John Garcia,Manager,8236
Mike Jones,Manager,3913
Mike Davis,Manager,6903
Sarah Smith,QA,2935
Victoria Jones,Manager,2008
Alex Smith,QA,3634
Alex Williams,Developer,5933
David Jones,Developer,2635
John Jones,Manager,4507
David Davis,QA,3494
Sarah Williams,QA,2774
Mike Brown,Developer,4867
David Johnson,QA,2806
Jane Johnson,QA,3544
Mike Williams,QA,881
Jane Brown,Developer,6591
Sarah Davis,Manager,7637
Victoria Jones,QA,2246
John Miller,Manager,4866
Alex Williams,QA,1427
Victoria Miller,QA,1925
Alex Garcia,Manager,3080
Victoria Smith,Developer,5273
Emma Garcia,QA,3077
Bob Williams,QA,889
David Williams,QA,1533
Victoria Miller,Developer,2613
Alex Smith,Developer,1506
Alice Garcia,Developer,7545
Jane Williams,QA,803
Mike Johnson,QA,2526
Emma Brown,Developer,1021
Mike Johnson,QA,1722
Bob Brown,QA,2853
Sarah Johnson,Manager,4895
John Miller,QA,1134
Bob Davis,Manager,5180
Mike Brown,Manager,9452
Mike Miller,Manager,9730
Alice Garcia,Manager,4583
David Smith,QA,2222
Alice Miller,QA,1525
Victoria Miller,QA,3266
John Davis,QA,3458
Mike Brown,QA,1566
Mike Smith,Manager,9821
Sarah Brown,Developer,3033
Mike Brown,QA,3562
Mike Davis,Developer,7001
Jane Brown,Developer,4087
Alex Williams,QA,3284
John Williams,Developer,1983
Bob Jones,QA,1224
David Smith,Developer,2141
Alex Brown,Developer,5714
Sarah Smith,QA,1437
David Miller,QA,2047
David Brown,Developer,1491
John Williams,QA,903
Mike Brown,Developer,3468
John Johnson,Developer,2990
Alex Smith,Developer,3525
David Jones,Developer,1417
Mike Davis,Manager,2591
Sarah Jones,QA,2399
Victoria Johnson,Developer,3870
Victoria Miller,Developer,3348
John Davis,QA,1031
Alice Johnson,Developer,4698
Victoria Miller,Manager,6599
John Smith,Manager,5628
John Brown,Manager,7088
Emma Davis,QA,3235
Alex Johnson,Manager,3460
Victoria Smith,QA,3070
Emma Jones,Developer,7280
Mike Smith,Manager,7610
John Garcia,Manager,6334
Sarah Johnson,QA,3171
David Jones,Developer,2310
Bob Johnson,QA,3135
Jane Miller,QA,3395
David Williams,Manager,5657
Jane Williams,Manager,7988
Bob Smith,QA,2803
Sarah Williams,Manager,5412
Jane Miller,Manager,6139
Emma Jones,Developer,7605
Alice Garcia,Developer,4377
Emma Garcia,Manager,2895
Alex Garcia,Developer,5591
Sarah Jones,Developer,4760
Sarah Garcia,QA,2150
Mike Jones,QA,1624
John Garcia,Developer,4531
John Williams,Manager,6759
Mike Brown,Developer,3411
Alice Williams,Manager,3417
Alex Smith,Manager,6925
Sarah Johnson,QA,2998
John Garcia,QA,1082
Victoria Davis,Manager,2381
David Davis,Developer,3422
John Garcia,Manager,4713
Victoria Brown,QA,3824
Victoria Williams,Developer,4924
Alice Brown,Developer,5290
David Brown,Manager,2985
David Smith,QA,2765
Jane Williams,Manager,2586
David Garcia,Manager,3136
Alex Brown,Manager,6675
Alice Garcia,QA,3961
Sarah Williams,QA,3749
Alex Miller,QA,2712
Bob Johnson,Developer,4189
Victoria Miller,QA,2768
Sarah Jones,Manager,8327
David Jones,Manager,9460
Jane Jones,Developer,7817
David Jones,Developer,2887
David Johnson,Manager,2417
Mike Davis,QA,2131
Mike Johnson,QA,3478
Alex Smith,Developer,7083
John Brown,Manager,5092
Jane Miller,QA,1580
John Williams,Developer,4728
Emma Jones,QA,1888
Mike Brown,QA,909
Mike Davis,Manager,6486
Alice Brown,QA,3605
Mike Miller,Manager,6996
Alex Johnson,QA,2786
John Williams,Developer,1297
John Miller,QA,3031
Emma Jones,Developer,4382
Sarah Jones,QA,2388
Bob Smith,Developer,4052
Jane Brown,QA,3814
Sarah Miller,Developer,2850
Victoria Miller,QA,2180
Mike Williams,Developer,4886
John Garcia,Manager,9850
Victoria Smith,Developer,2027
John Williams,Developer,3098
Emma Davis,Manager,6598
Mike Williams,Developer,3150
John Brown,QA,3922
Alice Miller,Developer,3390
John Miller,QA,1491
Alice Williams,QA,2307
Emma Williams,QA,3515
John Smith,Developer,3500
John Jones,Developer,4219
John Davis,Manager,2037
John Jones,QA,1912
Alice Brown,Developer,4943
Alex Jones,Developer,1401
Bob Jones,QA,2439
Bob Williams,Developer,5992
David Johnson,QA,3958
Victoria Davis,QA,2192
Mike Miller,QA,1764
Alice Davis,Developer,6061
Alex Williams,Developer,3869
Mike Smith,Developer,3953
Emma Smith,Manager,6106
Sarah Brown,Manager,5961
Alex Davis,Developer,7832
Alex Miller,Manager,4006
John Miller,Developer,3462
Victoria Jones,Manager,9405
Alex Davis,QA,2691
Alex Davis,Manager,4501
Bob Smith,QA,3073
Alice Williams,QA,1058
Alex Johnson,Developer,1047
Alex Brown,Developer,6739
Emma Jones,QA,3853
Jane Jones,Manager,3021
Alex Miller,QA,3336
Jane Smith,Developer,4947
David Garcia,Manager,9472
Sarah Jones,QA,1638
Alice Jones,QA,801
David Miller,QA,3738
Mike Williams,Developer,6969
Alex Brown,QA,1068
Alice Brown,Developer,4643
Alice Jones,Developer,4234
Emma Davis,Manager,3430
John Williams,QA,1841
David Davis,Developer,2089
Victoria Brown,Manager,9572
John Jones,Manager,3524
Victoria Davis,Manager,6041
Alex Davis,Developer,6811
Jane Williams,Developer,1110
Jane Davis,Manager,4729
John Jones,Developer,1365
Mike Davis,Manager,6149
Jane Brown,Developer,4571
Alice Johnson,QA,3341
Emma Miller,Manager,2474
Jane Garcia,Developer,4479
Victoria Williams,QA,3598
Sarah Johnson,QA,2329
David Johnson,Manager,4105
Jane Davis,Developer,3905
Bob Johnson,Developer,4066
John Johnson,QA,3477
Victoria Brown,Manager,6000
Mike Brown,Developer,6768
Sarah Garcia,Manager,8869
David Johnson,QA,2139
John Williams,Developer,5916
Mike Davis,QA,1204
John Smith,QA,2156
Victoria Garcia,Manager,6578
Victoria Smith,Developer,4576
Emma Garcia,Developer,2374
Alex Garcia,Manager,2960
Bob Smith,Developer,1274
John Jones,QA,2863
John Miller,Manager,7977
Mike Miller,QA,2029
Alice Jones,Developer,3604
Jane Smith,QA,3627
John Johnson,Developer,2798
Alice Jones,Manager,7681
David Johnson,Developer,5451
John Davis,QA,3394
Victoria Davis,Manager,6225
Bob Miller,Manager,2904
Mike Davis,QA,3328
Victoria Jones,QA,893
John Garcia,Developer,7403
Bob Miller,QA,3149
Alex Garcia,QA,2126
Alice Williams,QA,1883
Alice Brown,QA,2398
Alice Miller,Manager,6682
Jane Brown,Developer,6047
Alex Jones,Manager,9454
David Brown,Developer,1469
Victoria Garcia,QA,2934
Bob Smith,Manager,2707
Mike Garcia,Manager,8687
John Miller,QA,879
Alex Williams,QA,2409
Alex Brown,QA,1686
Bob Miller,Developer,4129
John Davis,QA,1233
Emma Smith,Manager,6904
Emma Davis,QA,3195
David Davis,QA,3885
Jane Brown,Manager,5411
Alex Brown,Developer,5246
Emma Miller,Manager,7948
Bob Garcia,QA,3648
John Garcia,Developer,3371
Emma Miller,Manager,7941
Jane Williams,Manager,5608
Mike Garcia,QA,1349
Victoria Johnson,Manager,9876
Alice Williams,QA,1065
Bob Williams,QA,3342
Alex Johnson,Manager,4674
Jane Johnson,QA,2248
Alice Johnson,Developer,7294
David Williams,Manager,8714
Alex Garcia,Manager,9539
Sarah Johnson,Developer,7825
Victoria Brown,Developer,3052
Jane Miller,Developer,7229
Emma Miller,Developer,4920
John Jones,Developer,3549
Sarah Williams,Developer,2952
Victoria Williams,QA,1699
Emma Miller,Developer,2697
Mike Garcia,Developer,6857
Alice Johnson,QA,880
Bob Johnson,QA,3430
Bob Smith,Manager,4205
Alice Smith,QA,3394
Sarah Davis,Manager,6685
Bob Davis,Developer,5901
David Garcia,Manager,5327
Mike Williams,QA,2610
Victoria Johnson,QA,2056
Bob Smith,QA,3028
Jane Miller,Manager,3437
Mike Miller,QA,2427
Bob Miller,Developer,3358
Sarah Brown,Developer,7757
John Garcia,Manager,2757
Mike Williams,Manager,6798
Emma Brown,Manager,6805
Emma Brown,Manager,2743
Alex Miller,Manager,6289
Alex Smith,Developer,2555
Alice Jones,Manager,9326
Emma Williams,Manager,7364
Mike Brown,Manager,8076
Emma Smith,Developer,6239
Alice Garcia,QA,3103
Sarah Williams,Manager,8538
Mike Davis,Manager,3433
Emma Williams,Manager,8483
Alex Johnson,QA,2765
Alex Brown,Manager,2998
Jane Brown,QA,2505
Victoria Miller,QA,1963
Victoria Brown,Manager,8263
John Jones,QA,1631
Victoria Miller,Developer,4342
David Jones,Developer,1827
Alex Brown,QA,1244
Sarah Williams,Developer,3424
Alice Brown,QA,3222
David Miller,Developer,1325
John Williams,Manager,7634
Mike Smith,Developer,1111
Alice Jones,QA,3289
John Williams,QA,1574
Victoria Johnson,QA,1659
Mike Johnson,QA,1462
John Brown,QA,1128
David Davis,QA,3867
Sarah Smith,Developer,5531
Alice Miller,Manager,5975
Mike Smith,Developer,5667
Sarah Jones,Manager,4845
John Johnson,Manager,8110
Alex Jones,QA,3406
David Brown,QA,3816
Alice Miller,Developer,3149
Sarah Miller,Manager,7137
John Miller,Developer,5285
John Brown,Developer,3310
Alex Johnson,Developer,1960
Jane Jones,Developer,2641
Alex Garcia,Manager,4535
Emma Brown,QA,2260
Mike Johnson,Manager,7269
David Johnson,QA,1992
Alice Smith,Developer,5188
Alex Garcia,Developer,3290
David Johnson,QA,1749
John Smith,Developer,7729
Mike Williams,Developer,3891
Emma Williams,QA,882
John Garcia,Manager,5977
Alice Miller,Manager,6014
David Miller,Developer,2081
Alex Garcia,Manager,2910
Alice Williams,Developer,7683
Alex Garcia,Manager,2580
Emma Miller,Developer,4073
John Miller,QA,1926
Sarah Smith,Manager,7786
Victoria Jones,QA,3848
Alex Smith,Developer,7428
Sarah Williams,Manager,6372
David Smith,QA,3338
David Davis,Manager,5811
Victoria Smith,Manager,6917
Jane Jones,Developer,3473
John Smith,QA,1210
Victoria Smith,Manager,2880
Mike Garcia,Developer,5354
Mike Brown,Developer,7002
David Davis,Manager,2307
Emma Jones,Developer,4488
Jane Miller,QA,1381
Alex Davis,QA,3040
Bob Johnson,QA,3737
Alice Brown,Developer,5954
Emma Davis,Manager,4726
Emma Johnson,Developer,3638
Alice Garcia,QA,931
John Williams,Manager,3517
Victoria Williams,Manager,2061
Alice Smith,QA,1503
Emma Davis,Developer,5072
Mike Brown,Manager,3095
David Smith,Developer,5080
John Williams,Developer,5143
Bob Johnson,Developer,7303
Mike Miller,Developer,2959
Victoria Jones,Manager,7775
Mike Brown,QA,1914
David Williams,Manager,7844
Alex Davis,Developer,7536
Bob Miller,Manager,7657
David Brown,QA,3886
Alice Jones,Manager,9689
Alice Garcia,QA,1281
Mike Williams,Developer,7377
Alice Jones,Developer,1995
Sarah Williams,Manager,6857
Bob Davis,Developer,6996
Bob Johnson,Developer,4147
Alice Brown,QA,3711
Jane Brown,QA,2352
David Johnson,Manager,9829
Alex Smith,QA,997
Victoria Jones,Developer,3014
Alex Garcia,QA,2453
Victoria Smith,Manager,2219
Emma Williams,QA,3534
Alice Smith,QA,1030
Victoria Smith,Manager,6106
Emma Davis,Manager,3505
Jane Williams,Developer,4870
Mike Davis,QA,3485
Alice Jones,Manager,3601
David Williams,Manager,4386
John Williams,QA,1106
Jane Jones,Developer,5450
David Smith,Manager,8479
Bob Miller,Manager,7228
Alex Johnson,QA,3263
Emma Williams,Developer,7005
Victoria Davis,Developer,6069
Victoria Smith,Developer,4541
Bob Williams,QA,3281
John Johnson,Developer,3449
Jane Jones,Developer,3726
John Williams,Developer,3323
Emma Brown,QA,3381
Alex Garcia,Developer,5105
Victoria Williams,Manager,9042
Emma Johnson,Developer,2973
Victoria Garcia,Manager,7476
Emma Garcia,QA,984
Alice Williams,Developer,4659
Victoria Smith,Manager,9073
Mike Williams,Manager,9965
David Brown,QA,1277
Bob Miller,Developer,6923
Victoria Johnson,QA,2347
Victoria Williams,Manager,6084
David Jones,QA,1000
Jane Davis,QA,1771
Bob Miller,QA,3943
Jane Smith,Developer,3093
Mike Jones,Manager,5724
Emma Williams,Developer,5225
Bob Brown,Manager,8448
Emma Brown,Developer,4309
Victoria Garcia,Developer,6439
Victoria Davis,Developer,5866
John Davis,Developer,1417
Bob Garcia,Developer,7567
Alice Miller,QA,2898
Alex Jones,Manager,6973
Jane Garcia,Manager,8721
Bob Williams,Manager,7519
Jane Davis,QA,3078
Alex Johnson,Manager,9179
Emma Miller,Manager,7257
David Jones,Manager,6161
Mike Miller,Developer,3313
Alice Williams,Manager,7414
Alice Johnson,QA,1578
Emma Jones,Developer,1508
Alice Smith,Developer,1547
Sarah Johnson,QA,1159
Bob Garcia,Manager,5521
Bob Johnson,Manager,5849
Jane Brown,QA,1091
Alice Brown,Manager,3029
John Davis,Developer,2704
Alex Williams,Developer,2963
Jane Williams,Manager,8367
Alex Brown,Developer,6882
Alex Garcia,QA,2332
Victoria Brown,Manager,6448
Victoria Johnson,Manager,5014
Sarah Brown,Developer,4562
Jane Smith,QA,1262
Sarah Garcia,QA,3954
Sarah Garcia,QA,1133
Sarah Davis,Developer,6578
David Johnson,Developer,6889
David Smith,Developer,6955
Victoria Johnson,QA,2126
Jane Jones,Manager,3591
Victoria Brown,Developer,3868
Victoria Miller,Developer,5766
Victoria Smith,QA,826
Bob Davis,Manager,2300
Alice Garcia,Developer,5786
Sarah Williams,Manager,5830
Jane Smith,QA,3643
Alex Smith,Manager,6006
Jane Jones,QA,2827
David Johnson,QA,2392
Alice Miller,Manager,3620
Mike Davis,QA,1713
Bob Jones,Developer,6928
Alex Davis,Developer,1927
Mike Johnson,Developer,2369
Jane Garcia,QA,2287
Victoria Johnson,QA,3639
Jane Williams,Developer,2901
Alice Jones,Manager,7146
Victoria Davis,Developer,7236
Sarah Davis,Developer,4263
Victoria Davis,Manager,2787
Emma Smith,Developer,3481
Alice Brown,QA,2006
Sarah Brown,Manager,2975
Emma Jones,QA,3332
Bob Davis,QA,3497
Alex Smith,Manager,8438
Bob Smith,Manager,2967
Victoria Garcia,Developer,5697
Alice Johnson,Manager,2431
Alice Smith,QA,3379
Victoria Williams,Manager,7880
Mike Davis,QA,3615
David Johnson,Developer,4139
Emma Johnson,QA,895
Jane Smith,QA,3391
John Williams,Manager,5758
David Garcia,Developer,3242
Mike Smith,Manager,2253
Alice Williams,Developer,6974
Jane Johnson,Manager,5502
David Johnson,Manager,2562
Alice Miller,Developer,6083
Mike Williams,Manager,7642
Mike Smith,Developer,5369
Mike Williams,Developer,7960
Emma Johnson,Developer,5398
Sarah Miller,QA,1768
David Smith,Developer,2612
Sarah Miller,Manager,9144
Emma Smith,QA,2292
John Williams,Developer,1010
Alice Smith,Manager,5612
David Garcia,Developer,2245
Victoria Brown,Manager,2258
Alex Williams,Developer,2783
Jane Smith,Developer,6686
Bob Brown,Manager,6414
John Garcia,Manager,8304
John Johnson,Developer,4964
David Johnson,QA,2636
Jane Miller,QA,1400
John Brown,QA,3965
Emma Brown,QA,3374
Bob Johnson,Manager,7922
Mike Davis,Manager,7624
Victoria Garcia,Manager,8359
Mike Miller,Manager,4005
Jane Williams,Developer,3720
Jane Jones,Developer,5676
Alex Williams,QA,2509
David Brown,QA,2409
Jane Davis,Manager,2725
Bob Garcia,Manager,7989
Bob Williams,Manager,7784
David Smith,QA,1626
Jane Johnson,QA,2347
Victoria Jones,Developer,6076
Jane Jones,Developer,3478
Mike Brown,QA,1851
Victoria Smith,Manager,3076
Alex Williams,Developer,6986
John Brown,Developer,4754
Alex Johnson,QA,1182
John Brown,Manager,4802
Alice Williams,Manager,7415
John Garcia,QA,1760
John Miller,QA,3172
Sarah Davis,QA,1417
Jane Miller,Developer,6269
Alice Garcia,QA,1146
Bob Brown,Developer,2889
Mike Johnson,Manager,6931
Bob Garcia,QA,3125
Bob Brown,Developer,2694
Bob Garcia,QA,880
Jane Garcia,QA,943
Alice Smith,Developer,4186
Alice Johnson,QA,3549
Sarah Brown,Manager,3491
John Garcia,Manager,3933
John Williams,Developer,2437
Jane Davis,QA,3039
Sarah Jones,Developer,1121
Alex Brown,Manager,9850
Alex Williams,Developer,5898
Emma Johnson,QA,1517
David Smith,Developer,6620
John Jones,QA,3899
Bob Brown,Developer,2279
Jane Brown,QA,1447
Bob Davis,Developer,7290
Mike Davis,QA,3819
Mike Johnson,QA,925
Alex Davis,QA,905
Emma Brown,QA,1649
Jane Miller,Developer,5864
Alice Miller,Developer,5902
Jane Garcia,QA,2501
Victoria Garcia,Developer,4319
Jane Smith,Developer,7456
Alex Williams,QA,1319
Victoria Smith,Manager,3004
Victoria Jones,Manager,5664
Victoria Miller,QA,2165
John Williams,Manager,7276
Alex Davis,QA,1486
Alice Miller,Developer,7394
Bob Davis,Manager,8366
Mike Garcia,QA,1037
Alice Johnson,QA,2299
Sarah Garcia,Developer,1893
David Jones,Developer,5367
Jane Garcia,Developer,5548
John Smith,Manager,5160
Victoria Brown,QA,880
Emma Jones,QA,1092
Mike Davis,Manager,3179
David Johnson,Manager,7293
John Johnson,QA,1088
Bob Brown,Manager,8747
Jane Garcia,QA,3828
Bob Brown,Developer,7861
Jane Miller,QA,1125
Alice Jones,Manager,6163
Sarah Garcia,Developer,2549
Bob Smith,Developer,3001
Mike Williams,QA,1663
Alex Davis,Manager,4936
David Smith,QA,3989
Emma Smith,Manager,2454
John Miller,Developer,3047
Emma Smith,Developer,6850
Alex Miller,Developer,2072
David Smith,Manager,6464
David Miller,QA,3058
Emma Williams,Developer,5700
Mike Smith,Developer,7921
Sarah Smith,Developer,1141
Sarah Johnson,QA,3812
David Miller,Developer,4783
Bob Williams,Developer,3576
Jane Brown,QA,1022
Jane Jones,Developer,7292
Mike Brown,QA,1168
Bob Davis,QA,3668
Alice Williams,QA,2005
Jane Davis,Manager,8472
Emma Miller,Manager,9742
Sarah Williams,Manager,2417
Emma Miller,QA,2494
Sarah Davis,Developer,6121
David Jones,Developer,7607
Alice Brown,QA,3419
Victoria Johnson,QA,3511
David Garcia,QA,3852
Alex Garcia,QA,2280
Emma Jones,Manager,7380
Mike Johnson,Manager,4612
Alex Miller,Developer,7562
Sarah Miller,Manager,3590
Bob Williams,QA,1623
Sarah Brown,QA,2119
Alice Johnson,QA,2655
David Williams,QA,2480
Alice Miller,Manager,3207
Alice Davis,QA,841
Sarah Davis,Developer,7257
Alex Smith,Developer,6203
Mike Johnson,Manager,2739
Sarah Johnson,Developer,6446
David Johnson,QA,1630
Bob Williams,QA,2001
Mike Jones,Manager,8383
Sarah Johnson,Manager,3147
David Davis,Manager,8492
John Jones,Manager,9513
Bob Davis,QA,832
Victoria Johnson,Developer,3623
Bob Garcia,Developer,1529
Bob Garcia,Manager,6216
David Smith,QA,2508
Sarah Brown,Manager,7998
Alice Johnson,Developer,6051
Mike Johnson,Developer,2511
David Smith,Developer,7846
Sarah Davis,QA,3810
Alex Brown,Developer,5896
John Brown,QA,1854
Victoria Jones,Developer,2434
Emma Brown,Developer,2102
Mike Miller,QA,1555
Sarah Williams,Manager,5955
Alex Johnson,Developer,6687
David Williams,QA,1737
John Jones,Manager,2817
Jane Brown,Manager,4912
Bob Williams,QA,3475
Mike Smith,QA,908
John Johnson,Manager,6718
Jane Smith,Developer,5352
Alice Miller,Manager,3665
Alex Williams,Developer,7626
Victoria Johnson,Developer,2902
Emma Garcia,Developer,1196
David Davis,Developer,7352
Alice Davis,Manager,6202
Alice Jones,QA,2836
David Davis,Manager,9576
Jane Williams,Manager,4605
Victoria Jones,Manager,4852
David Smith,QA,894
Jane Johnson,Developer,6341
Sarah Williams,Developer,2840
Sarah Smith,Manager,6622
John Brown,QA,2217
David Johnson,QA,1042
Mike Brown,Developer,3102
Mike Williams,Manager,9173
John Jones,QA,3584
John Williams,Developer,1066
Alice Davis,QA,2108
Victoria Smith,Manager,3266
David Davis,QA,3850
Emma Jones,Manager,5753
Alice Williams,Manager,4474
David Jones,QA,980
Jane Davis,Manager,3926
Jane Johnson,QA,2771
David Garcia,Developer,7532
Alice Davis,Manager,3144
Alex Smith,Manager,3958
Victoria Smith,QA,3415
Alex Brown,QA,803
Victoria Garcia,Manager,6365
Jane Davis,QA,2451
Bob Johnson,QA,2757
Alice Brown,Developer,5638
Emma Jones,QA,2390
Mike Miller,Developer,1208
Alex Jones,Developer,7859
Jane Williams,QA,3907
David Jones,Developer,4593
Mike Smith,QA,2390
Alex Williams,QA,806
Sarah Williams,Developer,3510
Bob Brown,Manager,7758
Jane Jones,Developer,5832
John Johnson,QA,3918
Mike Smith,Developer,5940
Victoria Miller,Developer,6469
Sarah Brown,QA,3855
Bob Brown,QA,2150
Sarah Brown,QA,3740
Victoria Williams,Manager,6765
Bob Brown,QA,1109
David Davis,QA,1230
Bob Garcia,QA,912
Alex Johnson,Developer,5027
David Williams,Developer,6176
Jane Garcia,Developer,3220
Bob Davis,Manager,2595
Bob Williams,Manager,7037
Victoria Smith,Manager,2578
Mike Brown,Developer,5853
Alice Davis,Manager,2254
Jane Brown,Manager,4344
Sarah Jones,Manager,6375
Bob Garcia,Developer,7873
Jane Williams,Manager,4462
Alice Johnson,QA,3916
Bob Davis,QA,2346
Sarah Brown,Manager,7095
John Brown,Developer,4211
Alice Davis,QA,1027
John Garcia,Manager,6326
Bob Johnson,Manager,5370
Mike Jones,QA,1284
Alex Smith,QA,3863
Sarah Johnson,Manager,3424
Alex Davis,QA,3197
Victoria Davis,Developer,1228
Emma Brown,Manager,9073
Mike Brown,QA,3898
Jane Smith,QA,2778
Bob Miller,Manager,8718
Jane Davis,Manager,6902
David Jones,QA,3901
Mike Davis,Developer,3760
David Brown,QA,2395
Emma Garcia,Developer,1997
Mike Brown,QA,856
Emma Johnson,QA,2653
Alex Davis,Manager,2414
Alex Jones,QA,3942
Victoria Brown,QA,2523
Victoria Miller,Manager,5332
Victoria Johnson,Developer,4145
Alice Smith,QA,2492
Alex Jones,Developer,5392
John Davis,QA,1432
Bob Smith,Manager,4846
Sarah Johnson,QA,3732
Mike Brown,Manager,8138
Bob Davis,QA,2851
Sarah Davis,QA,2125
Bob Williams,Manager,9353
Emma Garcia,QA,3131
Bob Garcia,Manager,6266
Alice Davis,Developer,7441
John Jones,QA,3437
Mike Davis,Manager,3034
Jane Johnson,QA,3187
Alice Brown,Manager,5881
Victoria Miller,Developer,4505
John Garcia,Manager,3625
John Jones,Developer,5541
Mike Miller,Developer,7778
Sarah Smith,QA,1938
John Smith,Manager,3759
Alex Miller,Manager,3173
Jane Smith,Manager,3664
Alice Williams,QA,3802
David Williams,Developer,2688
Victoria Garcia,QA,2652
Alex Miller,QA,3913
Mike Johnson,Developer,6312
Alice Davis,Manager,2706
Jane Williams,Manager,4617
David Miller,QA,3283
Alice Smith,Developer,2660
Sarah Davis,QA,2262
Bob Williams,Manager,6680
Sarah Garcia,Developer,6761
Sarah Johnson,QA,2951
Jane Johnson,Manager,7512
Alice Brown,Developer,4974
David Garcia,Developer,5574
Sarah Brown,QA,3512
Jane Brown,QA,3974
Emma Miller,Manager,6317
Alice Miller,QA,1966
John Williams,QA,3171
Sarah Smith,QA,3750
John Garcia,Manager,2143
Alex Miller,Manager,2000
Alex Miller,Developer,5446
Sarah Davis,Developer,4064
Bob Williams,Manager,3340
Mike Williams,QA,1195
Alex Davis,Developer,5795
Alice Jones,Developer,7423
Sarah Johnson,Developer,3737
Alice Brown,Manager,2376
John Davis,Manager,8635
Mike Miller,Developer,5030
Bob Miller,Manager,6676
Sarah Miller,QA,1396
Alice Smith,Manager,4227
Alex Garcia,QA,3804
Jane Brown,Manager,7417
Alex Smith,QA,1890
Alex Jones,Developer,3465
Alex Jones,QA,1454
Bob Johnson,Manager,6231
Jane Miller,Manager,4079
Emma Williams,Manager,9975
Alex Brown,Developer,6808
Victoria Brown,QA,3086
Mike Johnson,Developer,3923
Mike Smith,Manager,7785
Jane Miller,QA,1349
Bob Davis,Developer,1852
Alice Williams,QA,1231
Alex Williams,QA,2432
Sarah Davis,QA,3680
David Williams,Developer,5217
Bob Jones,Manager,7994
Alex Johnson,Developer,1750
Sarah Smith,QA,1809
Alex Miller,QA,2101
Emma Johnson,Developer,6023
Emma Garcia,Manager,9746
David Brown,Developer,7268
Bob Smith,Manager,4128
Mike Garcia,Developer,7287
John Johnson,Developer,3779
John Brown,Manager,5067
Victoria Williams,Manager,5391
Jane Brown,QA,2921
Bob Brown,QA,2845
Jane Garcia,Manager,8753
Mike Smith,QA,1362
Victoria Davis,Manager,6386
Mike Williams,QA,3117
John Jones,Manager,7657
Alex Smith,Manager,8588
Sarah Smith,Manager,3633
Mike Brown,Developer,7963
Alex Garcia,QA,1554
John Miller,Manager,3017
Mike Garcia,QA,2205
David Jones,QA,3328
Victoria Davis,QA,1701
Sarah Garcia,Manager,7041
Mike Williams,Developer,7340
John Garcia,Developer,6100
John Brown,Developer,2678
John Miller,Manager,7661
Jane Davis,Manager,6672
Victoria Miller,QA,3497
Alex Garcia,Developer,7249
Mike Brown,QA,2103
Victoria Johnson,Developer,4876
David Smith,Manager,3996
Victoria Jones,Developer,5432
Alice Garcia,QA,1230
Jane Jones,QA,1243
John Davis,Manager,9250
Bob Jones,Manager,6951
Victoria Davis,Developer,7195
Bob Jones,QA,3243
Alice Jones,Manager,2234
Victoria Garcia,QA,2997
Sarah Brown,QA,985
Emma Miller,QA,1270
Alex Garcia,QA,1698
Alex Jones,QA,3018
Jane Garcia,Manager,2002
Jane Williams,Manager,3203
Sarah Williams,Manager,5222
Victoria Jones,Developer,6814
Emma Miller,Developer,7427
David Jones,Developer,1578
Victoria Williams,QA,856
John Johnson,Developer,7064
Sarah Jones,Developer,3222
Alex Johnson,QA,3168
Bob Davis,Developer,2701
John Jones,Developer,4418
Emma Brown,Manager,4136
Emma Jones,Developer,4007
Victoria Jones,Manager,6170
Alice Jones,Developer,4175
Victoria Johnson,QA,2624
Bob Williams,QA,1188
Bob Williams,QA,1037
Jane Smith,QA,3325
Bob Garcia,Manager,2877
Alex Brown,Developer,1631
John Johnson,Developer,3848
John Brown,Developer,4812
Mike Smith,Manager,2441
Alice Jones,Developer,5911
Alex Williams,QA,1958
Victoria Jones,Developer,4968
John Miller,Developer,7097
Jane Williams,Developer,4447
Victoria Brown,QA,3329
Bob Smith,Manager,3276
Alice Williams,Developer,5726
Sarah Garcia,Developer,4891
Mike Garcia,Manager,5207
Jane Williams,QA,3919
Alex Jones,QA,2635
Sarah Garcia,QA,2003
Sarah Garcia,QA,2968
David Jones,Developer,6251
Mike Smith,Manager,2908
Jane Johnson,Manager,3967
John Miller,Developer,1660
Alice Miller,Manager,5979
Alex Williams,QA,1984
Victoria Miller,QA,2303
Alex Jones,Developer,7837
Emma Smith,Developer,4008
Alex Davis,QA,1684
John Davis,QA,2266
David Johnson,QA,2644
David Smith,QA,3867
John Brown,Manager,5831
Mike Williams,QA,3182
John Davis,QA,2400
John Garcia,Developer,2146
Alex Brown,QA,3788
Jane Davis,Developer,3754
Bob Miller,Manager,4396
Alice Davis,Manager,6004
Alex Smith,QA,2481
Sarah Garcia,QA,2924
Sarah Smith,QA,3501
Bob Garcia,Manager,3907
Victoria Davis,QA,3819
Jane Smith,QA,3302
David Jones,QA,1827
Alex Smith,Manager,3222
David Davis,Manager,7730
Bob Miller,QA,1349
John Smith,QA,2195
Mike Smith,Manager,3814
Emma Jones,Manager,5022
Victoria Johnson,Manager,3260
Emma Garcia,Developer,2492
Alice Smith,QA,1866
John Johnson,Manager,7346
Victoria Davis,Manager,5967
John Smith,Developer,3002
Jane Smith,Manager,9472
Sarah Williams,Manager,6765
Sarah Jones,QA,2493
Alex Jones,QA,2366
Alice Garcia,QA,3969
Emma Jones,QA,1020
Bob Williams,Manager,3901
Mike Smith,Developer,5572
Alex Miller,Developer,2815
David Jones,Developer,6546
Mike Miller,Developer,6570
Victoria Williams,Manager,2528
Alex Williams,Manager,4818
Alice Garcia,Developer,7757
Alex Johnson,Manager,8855
Alice Johnson,Developer,6257
John Jones,QA,3376
Jane Williams,Developer,4678
Victoria Miller,QA,2080
Jane Miller,Developer,2256
Alice Miller,Developer,7067
Alice Jones,Manager,4793
Bob Johnson,Developer,3786
Victoria Garcia,Manager,9174
Emma Smith,QA,2602
Victoria Garcia,Manager,8049
John Davis,Manager,4377
Sarah Brown,Developer,4457
Sarah Williams,QA,3533
Mike Davis,Manager,9787
David Garcia,QA,3433
Jane Davis,QA,1190
Jane Johnson,QA,1328
Alex Smith,Developer,6680
Jane Williams,Manager,4920
Victoria Johnson,QA,3385
Alex Johnson,Developer,2914
Alex Johnson,Developer,7907
Jane Miller,Developer,1958
Sarah Smith,QA,3071
Mike Johnson,Manager,6715
Jane Brown,Developer,4611
Jane Miller,QA,3045
Bob Jones,Manager,9366
Alex Davis,Manager,7987
John Garcia,QA,3441
Victoria Williams,Manager,8874
Alex Brown,QA,1290
Sarah Garcia,Manager,8091
Mike Brown,Developer,4008
Sarah Miller,QA,904
Sarah Smith,Manager,2319
David Smith,Manager,3190
John Williams,Manager,3963
Mike Garcia,QA,1508
John Jones,Developer,6671
Bob Garcia,QA,2608
Jane Williams,Developer,6150
Mike Garcia,QA,1020
Alex Jones,Manager,2020
Alex Smith,Manager,6246
Jane Garcia,Developer,3250
Sarah Smith,Manager,2576
Mike Miller,QA,1507
Alex Garcia,Manager,6961
Alice Brown,Manager,4346
Alex Johnson,Manager,4225
Victoria Johnson,QA,2165
Alice Davis,Manager,5565
Sarah Brown,Developer,1171
Mike Jones,Developer,5714
Victoria Davis,Developer,2030
Mike Miller,Manager,7336
John Johnson,Developer,6411
Emma Miller,Developer,7956
Emma Miller,Manager,6320
Sarah Brown,QA,1626
Alice Jones,Developer,6895
Mike Johnson,Developer,1890
Bob Brown,QA,1896
Alice Garcia,Manager,8237
Jane Johnson,QA,3860
David Williams,Manager,4206
Alex Brown,Developer,7487
Mike Jones,Developer,3650
Alex Jones,Developer,4610
Sarah Jones,Developer,3871
Jane Williams,Developer,2618
Bob Johnson,Developer,3141
Victoria Brown,Developer,6706
Sarah Davis,QA,2315
Mike Johnson,QA,968
Alex Davis,Manager,2666
Bob Williams,Developer,3355
Alex Smith,Developer,1653
Victoria Smith,QA,2087
Alex Smith,Developer,5199
David Williams,Manager,2670
Alex Johnson,QA,2874
Sarah Brown,Manager,2331
David Miller,Developer,4195
Alice Davis,Manager,8252
Sarah Brown,Developer,3365
Alex Smith,Manager,5314
John Brown,QA,1594
John Davis,Manager,5231
Victoria Johnson,QA,2429
Alex Williams,Developer,6002
Victoria Brown,Manager,8304
Sarah Miller,Manager,9925
Alice Johnson,QA,3473
Jane Smith,QA,2604
Bob Miller,Developer,3566
Sarah Brown,QA,3777
Bob Johnson,Manager,8905
Mike Miller,QA,3130
Sarah Smith,QA,2659
David Jones,QA,1415
Jane Johnson,QA,3247
Mike Garcia,Manager,8081
David Davis,Developer,7563
Emma Miller,QA,1156
Mike Williams,QA,2618
Mike Smith,Developer,6452
Alex Smith,QA,3974
Jane Garcia,Developer,5014
John Johnson,Manager,6919
Emma Brown,Manager,3578
Emma Davis,Manager,2901
Victoria Smith,Developer,2335
Sarah Miller,Developer,3909
Alice Jones,QA,2957
Bob Johnson,Manager,3182
Alex Williams,QA,2926
John Davis,Manager,4298
David Smith,Manager,2170
Jane Davis,QA,2663
Mike Jones,Manager,2860
David Garcia,Manager,2945
Alex Smith,Developer,6953
David Brown,Manager,6889
Emma Williams,QA,3267
John Williams,Developer,1375
Bob Brown,QA,1281
Mike Garcia,Developer,7070
Alice Jones,QA,2800
Victoria Miller,Developer,2408
Mike Miller,Developer,5250
Victoria Johnson,Manager,4015
John Brown,QA,1234
Emma Johnson,QA,3832
Mike Garcia,Developer,3484
Bob Davis,Developer,1368
John Davis,Developer,7905
Bob Jones,QA,2804
David Jones,Developer,4077
John Smith,QA,3081
Mike Brown,Developer,5128
Bob Miller,Manager,9552
Sarah Garcia,Developer,2985
Emma Miller,Developer,4161
Sarah Jones,QA,2406
Mike Jones,QA,2248
Victoria Brown,Manager,4251
Bob Miller,Manager,9860
Bob Garcia,Manager,4781
David Jones,Developer,2154
Mike Davis,Developer,6073
Sarah Johnson,Manager,5846
Victoria Johnson,Manager,6957
Alex Brown,Developer,1779
John Jones,QA,3812
Emma Johnson,Developer,7170
David Williams,Developer,1977
John Miller,Manager,6511
Alice Jones,Manager,6388
Jane Brown,QA,1277
John Garcia,QA,2402
David Williams,QA,3289
Mike Johnson,Manager,3507
Alex Miller,Developer,1690
Sarah Brown,Developer,5859
Emma Johnson,Developer,3464
Alex Garcia,Developer,3574
David Jones,Developer,5447
Mike Brown,QA,1416
Alice Miller,Manager,2865
Victoria Jones,Manager,3637
Emma Garcia,QA,1827
Sarah Johnson,Developer,1190
Victoria Smith,QA,1771
Sarah Johnson,Developer,5844
Sarah Smith,Developer,1235
Alice Williams,QA,3663
Alex Smith,Developer,7619
Alex Davis,QA,2990
Emma Smith,Manager,3434
John Davis,Manager,9715
Alex Williams,QA,3693
Alice Williams,QA,897
Sarah Miller,QA,1762
Victoria Miller,Developer,1038
Victoria Williams,Developer,6334
Victoria Williams,QA,2389
Bob Johnson,Manager,6274
John Smith,Manager,5603
Mike Williams,QA,3644
Alice Miller,Developer,7363
Sarah Williams,Developer,1966
Jane Garcia,QA,1926
Bob Miller,QA,1442
Alice Garcia,Developer,5660
John Jones,QA,1131
Alex Williams,Manager,3492
Bob Brown,Manager,3146
Emma Johnson,Developer,3042
Mike Garcia,QA,868
Mike Williams,Developer,1579
Emma Johnson,Manager,4456
Sarah Miller,Developer,1550
David Jones,QA,1959
Emma Williams,Manager,4831
Victoria Miller,Manager,2830
Jane Williams,Developer,4002
Bob Brown,QA,3767
John Williams,Developer,7985
Mike Miller,Manager,9271
Mike Jones,Manager,2870
Sarah Garcia,Manager,3395
Victoria Brown,Developer,4380
Victoria Johnson,Manager,7223
Mike Williams,Manager,2715
Alex Johnson,Developer,3617
Alex Johnson,QA,1311
David Davis,Manager,3147
Emma Williams,Manager,6019
Mike Davis,Manager,7848
Alex Smith,Developer,1845
Bob Brown,Manager,7308
Alice Jones,QA,2956
Alex Jones,Developer,6468
David Miller,Developer,3670
Mike Brown,QA,2552
Sarah Johnson,Manager,3075
Victoria Miller,QA,3073
Emma Miller,Developer,7716
Emma Davis,QA,1209
Victoria Williams,Developer,3949
Bob Miller,Manager,5577
Victoria Williams,Developer,4426
Victoria Smith,QA,1150
Emma Brown,QA,3027
Mike Williams,Developer,6115
David Miller,Manager,8275
David Williams,QA,3141
Emma Davis,Manager,8005
Victoria Williams,Developer,3966
Mike Williams,Developer,5109
Jane Garcia,Developer,1169
John Johnson,Developer,6988
John Smith,Manager,2147
Sarah Smith,Manager,3100
David Williams,QA,2701
Emma Johnson,Developer,7644
Alice Davis,Developer,6108
Jane Smith,Developer,1550
David Davis,Manager,3711
Victoria Johnson,Manager,9665
Jane Smith,QA,1374
Alice Garcia,Manager,4524
Victoria Davis,Manager,8782
Alice Miller,QA,2129
Jane Williams,Developer,7567
Sarah Davis,Manager,8864
Alice Garcia,QA,805
David Brown,Developer,1373
Mike Jones,QA,3477
John Williams,Manager,7530
Alex Davis,QA,1541
Jane Johnson,QA,2838
Alice Davis,Developer,5730
Mike Brown,QA,3580
Mike Brown,Manager,6918
Alice Williams,Manager,6838
Mike Garcia,Manager,2501
Mike Jones,QA,1629
Victoria Johnson,Developer,4679
Bob Brown,QA,2183
Victoria Johnson,QA,1335
Mike Miller,QA,1332
John Davis,Manager,9643
Sarah Smith,QA,1146
Bob Davis,QA,832
Mike Brown,Developer,7738
Sarah Smith,Developer,1741
Alex Johnson,Developer,7853
Victoria Garcia,Developer,7982
Victoria Jones,Manager,6437
John Jones,Developer,2269
Emma Johnson,Developer,1708
John Johnson,QA,1360
Alex Smith,Manager,8947
David Davis,Developer,6185
Victoria Miller,Manager,9690
Mike Davis,Developer,6654
Bob Smith,Developer,2525
David Johnson,QA,2600
Alex Davis,QA,1704
Emma Williams,QA,2440
Emma Williams,Manager,4951
Alice Williams,Developer,2577
John Williams,Manager,6833
Sarah Johnson,QA,3686
Alice Johnson,Manager,3716
John Brown,Manager,6776
John Jones,Developer,6061
John Brown,QA,2601
Bob Davis,Manager,5632
Mike Jones,Manager,3605
Victoria Johnson,QA,1422
Victoria Jones,QA,3699
Alice Jones,Developer,6915
Mike Smith,Manager,7756
Alice Jones,Manager,3429
John Brown,QA,3540
Mike Miller,Manager,6680
Jane Miller,Manager,9640
Alex Davis,QA,3939
Alex Williams,Developer,4580
Bob Miller,Manager,3092
Emma Johnson,Manager,7298
Jane Williams,Manager,6270
David Williams,Manager,4614
Alex Jones,QA,2903
Alice Brown,Developer,1563
Jane Jones,Developer,5940
Bob Brown,Manager,4848
Victoria Jones,Manager,2341
David Garcia,Manager,4648
Alex Williams,Manager,8925
Victoria Smith,QA,2574
Alice Brown,QA,1684
Sarah Miller,QA,2044
Alice Jones,Manager,2976
Alex Garcia,Developer,6912
Emma Johnson,Developer,6668
Mike Davis,Manager,6891
Victoria Garcia,Manager,3999
John Garcia,QA,2176
Mike Williams,QA,2656
David Smith,Manager,7382
Mike Garcia,Manager,5537
Bob Garcia,QA,3891
Emma Williams,QA,2869
David Johnson,Manager,2205
Bob Miller,QA,2593
Mike Brown,QA,1063
Jane Miller,Manager,2200
Alex Davis,QA,2676
John Williams,Manager,6267
Jane Jones,Developer,5060
Alice Smith,Manager,6127
Emma Williams,QA,1595
Alex Smith,Manager,7280
Jane Williams,QA,2657
Jane Miller,Developer,7425
Mike Smith,QA,1125
Sarah Smith,Manager,4766
Alex Miller,Manager,3959
Alice Williams,Manager,9804
Sarah Davis,QA,2480
Bob Jones,Developer,3884
Emma Williams,QA,2834
Mike Davis,Developer,7193
Bob Brown,Manager,4763
John Smith,Manager,8616
Bob Brown,Manager,4623
Sarah Williams,QA,1743
Emma Davis,QA,3707
Bob Brown,QA,2767
Alex Jones,Manager,2391
David Johnson,Developer,7546
Sarah Johnson,Developer,4014
Alex Jones,QA,2916
Jane Miller,Developer,3668
Jane Williams,QA,1067
David Smith,Manager,8682
Bob Smith,Manager,4318
Sarah Jones,Manager,4136
Victoria Williams,Developer,2317
Victoria Miller,Manager,6860
Victoria Smith,Manager,9691
Emma Davis,Manager,3506
David Brown,Developer,2386
Jane Williams,Manager,8156
Sarah Miller,Manager,8299
Jane Garcia,Manager,8459
Alex Davis,Developer,6585
Alex Smith,QA,3097
Alice Jones,QA,2846
David Garcia,Developer,4780
Victoria Brown,Manager,4530
Sarah Miller,QA,3190
Alice Williams,QA,2425
Bob Johnson,Developer,4418
Emma Johnson,Developer,3150
Jane Garcia,QA,2565
Mike Miller,Manager,2129
Victoria Garcia,QA,2378
John Garcia,Developer,7310
Emma Johnson,QA,1680
Victoria Garcia,QA,3704
Sarah Johnson,Manager,4179
Sarah Davis,Manager,3659
Bob Davis,QA,3525
Emma Williams,Developer,6853
Emma Garcia,Developer,5555
Emma Brown,QA,2641
Emma Smith,Manager,5561
Bob Johnson,Developer,1670
Alex Smith,Developer,5690
Alex Williams,Developer,5934
Sarah Johnson,QA,3632
John Smith,QA,1952
Alice Johnson,Developer,6900
Mike Miller,QA,3811
Alice Jones,Developer,3201
Bob Smith,QA,3327
Victoria Miller,Developer,5835
John Johnson,Developer,4692
Mike Miller,Manager,9836
Bob Garcia,Manager,7741
Sarah Miller,Developer,3307
David Garcia,QA,2416
Mike Smith,Developer,3774
Victoria Johnson,QA,3851
Alex Garcia,Manager,4566
Bob Garcia,QA,1912
Emma Jones,Developer,4016
Emma Smith,Manager,2563
Mike Brown,Developer,4253
David Williams,Manager,7001
Victoria Williams,Developer,5569
Bob Brown,Manager,3108
Alex Johnson,QA,2089
Alex Smith,Manager,8807
Victoria Smith,QA,2342
Bob Brown,Developer,7665
David Miller,Developer,3051
Sarah Davis,QA,2649
Mike Williams,Manager,9805
Alice Johnson,QA,3870
Sarah Williams,Manager,6387
Victoria Davis,Manager,4943
John Williams,Developer,4665
Victoria Williams,QA,2236
Sarah Jones,Developer,2744
Alice Davis,Manager,9779
John Smith,QA,3857
David Williams,Developer,4898
Jane Williams,Manager,9242
Emma Brown,Manager,4607
Alex Jones,QA,1067
Alex Garcia,QA,3360
David Miller,Developer,2825
Alice Davis,QA,3237
Emma Williams,Developer,7360
Sarah Garcia,Manager,3730
David Brown,Developer,6836
John Garcia,Manager,2475
Jane Davis,Manager,2202
John Smith,QA,2493
Jane Garcia,QA,2955
Sarah Davis,QA,2689
Emma Garcia,QA,1012
Alex Johnson,Manager,9436
John Miller,Developer,4693
Emma Brown,QA,1229
Jane Smith,Developer,1452
Mike Johnson,QA,2666
Alex Smith,Manager,4781
Alex Johnson,Developer,7703
Mike Jones,Manager,2723
Alex Smith,Manager,9607
Bob Williams,Manager,6302
David Brown,Manager,2065
John Miller,QA,3064
Jane Williams,Developer,3725
David Jones,Manager,5960
David Davis,Manager,7877
Alice Jones,Developer,2266
Bob Johnson,Developer,4976
Mike Jones,QA,3949
Bob Johnson,Developer,6383
David Williams,Manager,9359
John Williams,Developer,2656
David Miller,QA,2016
Mike Garcia,Developer,4058
Jane Smith,Developer,5383
Emma Williams,Manager,3087
Sarah Garcia,QA,2514
Victoria Johnson,Manager,4861
Mike Jones,Developer,7835
Emma Garcia,Manager,5532
John Garcia,QA,1897
Alice Davis,Manager,2699
Victoria Smith,Manager,5775
Mike Brown,QA,1473
Jane Williams,Developer,7804
Bob Williams,Manager,3733
Alice Jones,Developer,3776
Bob Brown,Manager,6161
Alice Jones,QA,2072
Mike Smith,Developer,3890
Bob Davis,Manager,6533
Jane Brown,Developer,7040
Alice Garcia,Developer,5874
Emma Johnson,QA,2995
David Garcia,Manager,9850
Victoria Johnson,Manager,9414
Jane Jones,Developer,2242
Jane Smith,Developer,5487
Mike Davis,Manager,8639
Bob Jones,Manager,4367
Alice Johnson,Manager,4965
Victoria Johnson,Manager,9223
Bob Smith,QA,2367
John Garcia,Developer,3111
Bob Smith,QA,3202
Bob Brown,QA,3201
David Johnson,Manager,9159
Emma Johnson,Developer,4611
Alex Smith,Manager,2002
Emma Davis,QA,3331
Alice Smith,Manager,6692
John Davis,Manager,8990
Victoria Smith,Manager,8413
Sarah Brown,Manager,6368
Alex Williams,QA,3669
Mike Johnson,Manager,4263
John Williams,Developer,1164
Victoria Brown,Developer,3813
Alex Johnson,Developer,5371
Bob Smith,Manager,7434
Victoria Brown,QA,1771
Mike Smith,Manager,6572
David Davis,QA,1015
Bob Garcia,Manager,2560
Sarah Garcia,Developer,2039
Jane Brown,Manager,8872
Alice Brown,Developer,7848
Bob Brown,Manager,9258
Alice Garcia,Developer,5450
David Johnson,Manager,5256
Victoria Davis,Manager,9463
Emma Garcia,Developer,3370
Sarah Davis,Developer,2535
Sarah Miller,Developer,3301
Emma Garcia,Developer,4997
Bob Brown,QA,1271
Emma Brown,QA,892
Emma Brown,Manager,2911
Sarah Miller,QA,2008
John Brown,QA,3475
Bob Williams,Manager,2900
Sarah Jones,Manager,7884
David Smith,QA,1268
Sarah Johnson,QA,1085
David Jones,Manager,7652
Mike Miller,Developer,6927
David Miller,Manager,7566
Jane Miller,QA,2795
Bob Miller,Developer,1627
Victoria Miller,QA,1701
David Davis,Manager,5975
Mike Williams,Manager,7021
Mike Williams,QA,1428
David Williams,QA,2696
David Jones,Manager,7192
Alice Miller,QA,1371
Alex Jones,QA,2362
Alex Smith,Manager,8755
Alex Williams,Manager,6657
Victoria Smith,Manager,9726
Emma Johnson,QA,3058
Emma Brown,QA,3408
Victoria Miller,Manager,6543
Mike Brown,Manager,8400
Bob Garcia,QA,3044
David Williams,Manager,9723
Jane Davis,Developer,3085
Bob Smith,QA,3834
Jane Davis,QA,3183
Alex Garcia,Manager,5014
Victoria Miller,QA,1981
John Johnson,Manager,9709
Mike Jones,Developer,7449
Jane Garcia,Developer,1249
Sarah Davis,QA,3539
Alex Miller,QA,2621
Emma Miller,Developer,2877
Bob Johnson,Manager,8021
Jane Brown,Developer,2766
Mike Jones,Manager,9190
Mike Davis,QA,2443
Mike Davis,QA,2963
Alex Miller,QA,3678
Alex Jones,Manager,8742
Emma Brown,QA,3057
John Davis,Manager,7639
Mike Miller,Manager,3959
David Smith,Manager,4773
Alice Williams,Developer,7664
Emma Brown,Manager,3509
David Jones,QA,3879
Sarah Brown,Manager,4711
Sarah Smith,Developer,1508
Alice Smith,QA,3555
Alex Williams,QA,1834
Emma Smith,Manager,9126
Emma Williams,QA,1260
Alex Miller,QA,1088
Bob Williams,Developer,2865
Sarah Davis,QA,1274
Mike Miller,Manager,3520
Alex Smith,QA,2701
Alice Smith,QA,2296
Mike Johnson,Manager,2846
Alex Miller,Manager,4899
Jane Johnson,QA,1685
Bob Brown,Manager,7746
Bob Jones,Developer,2480
Alice Garcia,QA,2848
Bob Smith,QA,2105
John Smith,Developer,2059
Sarah Miller,QA,3311
Emma Brown,Developer,6161
John Johnson,Manager,8582
Victoria Johnson,Manager,4229
Mike Davis,QA,3326
Sarah Johnson,Manager,6945
Alice Garcia,Manager,4906
Alice Jones,Developer,2530
Jane Davis,Developer,2491
Alex Miller,Developer,1210
Victoria Williams,QA,2788
David Johnson,Manager,2080
David Jones,Manager,2400
David Brown,Manager,9791
Alice Miller,Developer,4971
Alice Garcia,Manager,7717
Jane Smith,QA,1612
Victoria Smith,Manager,8255
John Jones,Manager,4666
Jane Jones,Manager,6108
Mike Davis,Manager,7712
Bob Jones,QA,1282
John Williams,Manager,4010
Sarah Johnson,QA,3569
Victoria Brown,Developer,2594
Victoria Jones,QA,2872
Sarah Garcia,QA,1302
David Brown,Manager,3024
Emma Miller,QA,1239
Alex Williams,Manager,9078
Alice Williams,QA,3488
Emma Miller,Developer,6677
Alex Williams,Developer,5277
John Jones,QA,3167
David Jones,Manager,9873
Sarah Davis,QA,1713
Mike Williams,Developer,1847
Emma Brown,QA,2285
Alex Smith,QA,3539
Alice Williams,Developer,4791
Alice Garcia,QA,1840
Bob Williams,Manager,2016
Sarah Davis,Developer,5295
Emma Garcia,Manager,2005
Alice Davis,QA,3732
David Davis,QA,2895
Sarah Williams,Manager,2012
Alice Brown,Manager,6748
Emma Jones,Manager,3650
Victoria Miller,Developer,7172
David Smith,QA,3593
Victoria Garcia,Manager,3139
Mike Jones,QA,3897
Emma Davis,Developer,7646
Mike Smith,Manager,5324
Victoria Miller,Developer,1396
Victoria Johnson,Manager,7507
John Williams,QA,1900
David Williams,QA,2792
Sarah Johnson,Manager,5695
Victoria Miller,Developer,1346
David Miller,Developer,1962
David Williams,QA,2483
Alice Johnson,Developer,2597
John Williams,Developer,6840
Sarah Miller,QA,3038
Sarah Smith,Developer,5314
Alex Jones,QA,1640
Alice Jones,Developer,4494
David Garcia,Manager,4896
John Garcia,Manager,5415
Jane Jones,Developer,6683
David Garcia,Manager,3739
Alice Brown,Manager,5643
John Davis,Manager,8466
Alice Smith,Developer,3909
John Davis,Developer,3658
Jane Miller,Manager,6987
Alex Davis,Manager,4463
John Johnson,Developer,2205
Emma Johnson,Manager,8130
David Smith,Manager,8906
John Johnson,Manager,8062
Mike Williams,QA,2157
Bob Williams,Manager,5596
Bob Smith,Manager,2936
Victoria Johnson,Developer,6727
Emma Garcia,Developer,7583
Alex Smith,Manager,4336
Bob Miller,Manager,7515
Mike Miller,QA,2005
Mike Brown,QA,2460
Victoria Miller,QA,2280
Emma Davis,Manager,9655
Sarah Johnson,Developer,7473
Emma Smith,Developer,6665
David Miller,Manager,7109
Victoria Johnson,Manager,2181
John Brown,Manager,4069
Alex Miller,Manager,4924
Jane Brown,QA,3942
John Johnson,Developer,5173
David Miller,Manager,9577
Alice Davis,Developer,2426
Bob Garcia,Manager,7975
Alex Davis,Manager,6920
Sarah Brown,QA,1354
Alex Johnson,Manager,4900
Mike Davis,Developer,6213
Jane Jones,Manager,2111
Bob Davis,Manager,7790
Sarah Garcia,Developer,1085
Bob Williams,Manager,5755
Emma Davis,Developer,2542
Sarah Williams,QA,3924
Sarah Williams,QA,1240
Sarah Garcia,QA,2062
Mike Miller,Manager,2261
Bob Jones,Manager,5289
Jane Smith,Developer,3594
Alex Williams,QA,1560
Bob Davis,QA,1952
Mike Brown,Manager,4981
Alex Williams,Developer,2334
Sarah Jones,Manager,2409
Alice Smith,Developer,7295
Bob Brown,QA,3431
Bob Garcia,Developer,1082
Alice Johnson,QA,3696
Emma Jones,Manager,6561
John Williams,QA,889
Victoria Johnson,QA,3724
Jane Miller,Manager,8296
John Davis,QA,2501
David Williams,QA,3163
Emma Garcia,QA,1229
Jane Davis,Developer,5968
John Smith,Developer,7584
Bob Williams,QA,2830
Alex Brown,Developer,4450
Jane Davis,Developer,1499
Bob Johnson,QA,2513
Jane Davis,Developer,2379
John Smith,Manager,3434
David Miller,Developer,7264
Alex Jones,Developer,5953
Sarah Johnson,Developer,7825
Sarah Brown,Manager,9709
David Jones,Developer,3795
Sarah Johnson,Manager,8000
Sarah Garcia,QA,1927
Jane Garcia,Manager,5997
John Williams,QA,2843
Jane Smith,QA,2024
John Johnson,Manager,7547
Alice Garcia,Manager,9185
John Johnson,Developer,7520
Alex Garcia,Developer,6359
Jane Johnson,Developer,5329
Emma Jones,Developer,2104
Mike Garcia,QA,3533
Jane Miller,Manager,5053
Alex Garcia,Developer,7430
Victoria Williams,Manager,7829
Alice Garcia,Developer,1967
Alex Davis,Manager,8529
Jane Brown,QA,2444
Alex Williams,QA,2492
David Johnson,Manager,4451
Jane Garcia,Developer,3394
Mike Brown,QA,2154
Alice Jones,Manager,4345
Emma Smith,Developer,2559
Sarah Jones,Developer,5123
Mike Williams,Manager,2843
John Davis,Developer,6230
Jane Smith,QA,2457
Sarah Johnson,Manager,2262
Alex Johnson,QA,3368
Emma Smith,Developer,3829
Victoria Brown,Manager,6758
Bob Williams,QA,3365
Emma Williams,QA,1542
Emma Davis,Manager,3505
Alex Davis,Developer,2772
Alex Miller,QA,3227
Emma Smith,Manager,3486
Sarah Johnson,Manager,5609
Mike Brown,QA,1533
Mike Brown,Manager,5516
Alex Jones,Developer,1501
Alice Smith,QA,1115
Sarah Jones,QA,1553
John Williams,QA,2969
Alice Miller,QA,1649
Emma Garcia,Developer,5166
John Smith,Manager,6583
John Smith,Manager,9789
Alex Davis,QA,1362
Bob Brown,QA,2945
Bob Jones,QA,3343
Victoria Miller,Developer,3417
Jane Brown,QA,955
Emma Garcia,Manager,4340
Mike Davis,Manager,2898
Bob Garcia,Manager,6908
Bob Johnson,QA,3646
Victoria Brown,Developer,6057
David Miller,Developer,4278
John Miller,QA,1619
Jane Johnson,Manager,7157
Jane Davis,Developer,3857
Victoria Garcia,Developer,2223
Alex Williams,Manager,6998
Alice Brown,QA,1282
David Davis,Developer,1332
Alice Miller,Developer,4193
Alex Brown,QA,3802
Emma Johnson,QA,1993
Victoria Miller,Developer,4599
David Williams,Manager,8609
Victoria Brown,QA,2074
Sarah Brown,QA,1078
Bob Johnson,QA,965
David Smith,Developer,1229
Bob Garcia,QA,2961
Sarah Davis,QA,2491
Jane Brown,Developer,7882
Alice Brown,Manager,2618
Emma Miller,Developer,5205
Victoria Miller,QA,2380
Victoria Smith,Manager,9039
Jane Davis,Manager,3722
Alex Williams,QA,3619
Sarah Jones,QA,3846
Victoria Jones,QA,2484
Alex Brown,Developer,4813
Jane Williams,Manager,3957
Bob Garcia,Manager,6660
Alice Johnson,Manager,6980
David Jones,Manager,9205
John Brown,Developer,3766
Sarah Garcia,Manager,5622
Emma Williams,Developer,5653
John Brown,Developer,1260
Victoria Johnson,QA,3066
Emma Brown,Manager,6120
David Miller,Developer,2910
Alex Garcia,Manager,2972
Alice Johnson,Manager,8256
Alice Jones,Developer,5010
Emma Smith,Manager,2301
Jane Davis,Manager,5063
Sarah Jones,QA,1305
Jane Miller,Developer,2062
David Davis,QA,1142
Mike Brown,Manager,9366
John Brown,QA,3460
Mike Jones,QA,3557
David Williams,Manager,9556
Alice Smith,Manager,6342
Mike Jones,Developer,4654
Sarah Williams,Developer,5714
Alex Davis,QA,1698
Sarah Johnson,Manager,8017
Bob Brown,Developer,6215
Emma Jones,QA,3634
Bob Miller,Developer,2169
Victoria Williams,QA,2850
David Johnson,Developer,7401
Victoria Brown,Manager,3052
John Smith,Developer,6124
Mike Brown,Manager,7135
Mike Smith,QA,1788
Jane Smith,Developer,1314
David Jones,QA,3778
Emma Jones,Developer,2061
Bob Smith,Developer,1187
Emma Williams,Developer,3965
Sarah Miller,Manager,7888
Emma Jones,Manager,7691
Bob Jones,Manager,3813
Mike Jones,Manager,5779
Bob Johnson,QA,2683
Sarah Brown,Manager,4653
Mike Williams,Manager,9687
David Miller,QA,1678
Alex Smith,Developer,7121
John Davis,Manager,3456
Alice Williams,Developer,7412
Victoria Miller,Manager,9162
Bob Jones,Manager,2149
Alex Davis,QA,1660
Jane Smith,Manager,6894
Emma Jones,Manager,7490
Mike Garcia,Manager,6943
Mike Brown,Developer,4920
Alice Smith,Developer,2586
Victoria Miller,Developer,6710
Alex Miller,QA,3043
David Jones,Developer,4888
Emma Davis,QA,3504
Victoria Jones,QA,2727
Bob Brown,Manager,8973
Jane Johnson,QA,1364
David Johnson,QA,2057
Jane Davis,QA,1597
David Davis,Manager,7083
Emma Davis,Manager,3274
Victoria Miller,Developer,1738
Mike Brown,Developer,6938
Bob Williams,Manager,5205
Mike Miller,Manager,9311
Jane Brown,Developer,4384
Victoria Brown,QA,3696
Jane Davis,Manager,9450
John Jones,QA,1268
Victoria Johnson,Developer,1545
John Williams,Developer,3335
Mike Smith,Manager,9832
Mike Jones,Developer,2879
Victoria Garcia,Manager,5371
Victoria Miller,QA,2529
Sarah Davis,QA,3163
John Williams,Manager,4271
Mike Williams,Developer,7127
Bob Jones,Manager,3126
Alex Davis,QA,3260
Alex Miller,Developer,7861
Victoria Miller,QA,3312
Victoria Davis,Developer,3696
Bob Miller,Developer,4872
Victoria Williams,QA,1948
Sarah Davis,Developer,3000
Mike Davis,Manager,9845
Emma Johnson,Manager,7549
Bob Garcia,QA,2616
David Davis,Developer,5056
Alex Smith,Developer,2872
Emma Miller,QA,3855
Emma Miller,Developer,7216
Mike Davis,Developer,1177
David Johnson,Developer,2970
Jane Johnson,QA,3611
Sarah Williams,QA,2426
John Miller,Manager,6398
Bob Williams,Developer,6857
Emma Garcia,Manager,6361
Sarah Brown,Manager,8870
Alice Jones,QA,2381
Emma Jones,QA,2453
Emma Jones,QA,1525
Alice Miller,Manager,4720
Victoria Miller,Developer,5331
Emma Jones,Manager,7730
Victoria Davis,Manager,4158
Alice Davis,Developer,3949
Bob Garcia,Manager,6845
Mike Miller,Developer,3587
Bob Davis,QA,1373
Sarah Smith,Manager,9978
Alex Brown,Developer,6089
Sarah Davis,QA,3704
Mike Miller,Developer,5083
Alex Davis,Manager,4410
David Davis,Developer,1753
Alice Jones,QA,1565
Mike Brown,Developer,5444
Bob Brown,QA,1210
Emma Brown,Manager,5141
Alex Smith,Manager,2723
Jane Garcia,QA,3747
Jane Jones,Manager,5710
Mike Jones,Developer,7072
David Smith,Developer,1828
Alice Brown,Manager,2022
Sarah Garcia,Manager,4633
Alex Garcia,Developer,3209
Victoria Davis,Developer,5060
Sarah Garcia,Developer,7912
Sarah Brown,Manager,6844
Mike Garcia,QA,1547
David Smith,Manager,9868
Alex Williams,Manager,5720
David Jones,QA,1517
Bob Brown,QA,3634
Alice Johnson,Developer,2758
Mike Smith,Manager,4017
Mike Johnson,QA,2220
Alice Johnson,Developer,5185
Mike Miller,QA,1549
Emma Miller,Manager,4713
Emma Miller,QA,1343
Mike Garcia,Manager,4788
Alice Miller,QA,1943
Bob Jones,Developer,3652
Jane Garcia,QA,2154
Jane Smith,Manager,2822
Victoria Garcia,Manager,8137
David Johnson,QA,3778
Mike Johnson,Manager,3295
John Johnson,Developer,6314
Alex Johnson,Manager,8862
Bob Jones,QA,1828
Jane Brown,Developer,6953
Jane Brown,Developer,6548
Jane Jones,Developer,7130
Mike Garcia,Manager,5216
Emma Brown,QA,3281
Victoria Garcia,QA,2302
David Johnson,QA,1786
Emma Garcia,Developer,6285
Alice Johnson,QA,2418
Alice Garcia,Manager,4372
Bob Brown,QA,1662
John Johnson,Developer,1662
Alex Williams,Developer,2365
Alex Smith,Manager,7752
Bob Davis,Manager,8173
Mike Williams,Manager,7882
Bob Williams,QA,3967
Alex Garcia,Developer,6577
Victoria Garcia,Developer,6516
John Davis,Manager,7294
Alex Johnson,Developer,3414
Mike Williams,Developer,1480
Emma Jones,QA,2473
Emma Johnson,Manager,9093
Mike Garcia,Manager,5956
Victoria Jones,QA,2755
Mike Jones,Developer,5149
John Jones,QA,819
Emma Miller,Developer,5018
Jane Smith,Manager,9777
Bob Williams,Developer,3502
Bob Williams,Developer,6979
John Smith,QA,2913
Alex Johnson,Manager,4016
Bob Williams,Manager,6823
Sarah Johnson,Manager,3576
John Johnson,QA,3264
Alex Miller,Manager,6579
Sarah Johnson,Manager,6832
David Johnson,Manager,7808
Victoria Miller,QA,3367
Alex Garcia,Developer,6470
Sarah Brown,QA,3517
John Brown,Manager,9772
John Smith,QA,1889
Alice Smith,QA,2938
Alice Miller,Developer,2888
Mike Davis,Manager,5456
Alice Garcia,QA,2918
Alex Jones,Manager,4920
Victoria Davis,QA,2074
Sarah Jones,Developer,1154
Victoria Jones,Manager,8596
Alex Williams,Manager,8654
Alice Williams,Developer,4810
Jane Johnson,Manager,5119
Mike Smith,Developer,1295
Sarah Johnson,Manager,4305
Emma Davis,Manager,8779
Emma Davis,Manager,3233
John Smith,QA,3140
Jane Garcia,Manager,4206
Victoria Smith,Manager,2098
David Davis,QA,2436
Alice Miller,Developer,3992
Sarah Johnson,QA,1354
Bob Williams,Developer,2548
Mike Miller,QA,3765
Victoria Davis,QA,1064
Alice Brown,QA,2488
Bob Garcia,QA,3267
Mike Miller,QA,3150
Bob Miller,Manager,2055
Alex Johnson,Developer,4948
Mike Smith,QA,1515
Alice Jones,Developer,5163
Alice Smith,Developer,3693
Sarah Williams,QA,3016
Jane Williams,QA,1534
Sarah Williams,QA,2644
David Smith,Developer,7514
Sarah Jones,Developer,1549
John Jones,Manager,6164
Emma Garcia,QA,2148
Alice Davis,QA,2628
Alice Williams,QA,3874
Mike Williams,Manager,8325
Mike Jones,Developer,1100
David Garcia,Manager,8098
Alice Davis,Manager,7603
Emma Johnson,Developer,3538
John Miller,Developer,1723
Mike Davis,Developer,7159
Sarah Brown,QA,1097
Sarah Garcia,Manager,3181
Sarah Davis,Developer,7892
David Smith,Developer,6070
David Brown,QA,3470
Jane Miller,QA,1349
Bob Jones,QA,1970
Alex Brown,QA,1450
Alex Smith,Developer,7848
Bob Jones,QA,3840
John Miller,Developer,4466
Sarah Williams,Manager,6242
Sarah Williams,Manager,9320
Sarah Brown,Developer,6022
Bob Jones,QA,3974
John Johnson,Manager,8689
Sarah Brown,QA,2107
Victoria Williams,Manager,4117
Victoria Brown,QA,1028
Mike Smith,Developer,4065
Alex Smith,Developer,5877
Bob Miller,Manager,9075
Alice Williams,Manager,9594
Jane Williams,QA,2961
Emma Miller,QA,865
David Miller,QA,1268
Bob Williams,QA,3672
Emma Miller,Manager,6666
David Williams,Manager,6288
Victoria Smith,Manager,6996
Bob Jones,QA,1319
Alice Williams,Developer,5105
Jane Davis,Developer,7786
Alice Jones,Manager,7617
Victoria Davis,Manager,2863
Sarah Johnson,Manager,9827
David Johnson,Manager,3539
Bob Johnson,Manager,4667
Jane Davis,QA,1484
Mike Williams,QA,1900
Jane Garcia,Developer,2760
Emma Jones,QA,810
John Smith,Developer,5693
Emma Garcia,Developer,3683
David Miller,QA,3064
John Jones,QA,2639
David Miller,QA,1592
Victoria Williams,Manager,9609
David Miller,Developer,3117
Jane Garcia,Developer,2164
John Williams,Manager,8983
Victoria Garcia,Developer,6902
Alice Davis,QA,2829
Emma Miller,Developer,4565
Jane Williams,Developer,7400
Emma Smith,Developer,3680
David Garcia,Manager,7026
Sarah Johnson,Manager,2484
Alex Williams,QA,1305
John Smith,Developer,2845
David Williams,QA,1338
Sarah Brown,Developer,2562
Mike Brown,QA,1082
Victoria Davis,Developer,3829
David Miller,Developer,3847
David Brown,Manager,3156
Bob Williams,Manager,9237
David Miller,Developer,3296
Alice Williams,Manager,4733
Sarah Davis,QA,1932
Sarah Williams,Manager,7675
Alex Brown,Manager,4326
David Johnson,QA,1986
Bob Miller,Developer,6900
Bob Miller,Developer,4893
Bob Miller,QA,2432
Jane Brown,QA,1170
Mike Williams,Developer,5409
Victoria Williams,Developer,4188
Mike Miller,QA,3755
David Smith,QA,3860
Sarah Garcia,Manager,4823
Bob Davis,Developer,3714
Bob Jones,QA,2320
John Brown,Manager,6217
Alice Johnson,Manager,5047
Sarah Smith,Manager,8043
Jane Garcia,Manager,6240
Alex Johnson,Manager,5866
Emma Johnson,QA,1934
Mike Johnson,Manager,3298
Bob Jones,Developer,2125
Mike Brown,Manager,9571
Bob Johnson,QA,3719
Mike Williams,Manager,5804
Emma Miller,Developer,6065
Mike Brown,QA,1165
Jane Miller,Developer,3704
Alex Williams,Manager,5307
Jane Johnson,QA,1833
Mike Garcia,QA,2306
Victoria Jones,Manager,5411
David Miller,Manager,8804
Sarah Smith,Manager,7032
John Garcia,Manager,5047
Jane Johnson,QA,3887
Alex Williams,Manager,5270
Mike Williams,Developer,7349
Alex Williams,Manager,6100
Jane Brown,Manager,2480
David Davis,Developer,1985
Jane Davis,Manager,5017
John Garcia,Manager,7175
Sarah Johnson,Developer,1746
John Jones,QA,1899
Sarah Garcia,Developer,7571
Victoria Williams,QA,1750
Sarah Johnson,QA,1676
David Smith,Manager,5306
Mike Brown,Developer,7010
Alex Garcia,QA,1175
Mike Davis,Manager,6218
Mike Johnson,Developer,4980
David Smith,Developer,5551
Bob Miller,Manager,9895
Jane Jones,QA,2729
Emma Davis,Manager,5141
Emma Garcia,Manager,5829
Jane Brown,Developer,6602
Jane Davis,Developer,1714
Victoria Jones,Manager,4629
Victoria Jones,QA,3222
Victoria Jones,Manager,4071
Alex Jones,QA,1977
Mike Smith,Developer,2048
Victoria Garcia,QA,3778
Alex Williams,QA,2714
Sarah Williams,QA,2746
Alex Miller,Developer,1716
Victoria Jones,QA,3982
John Garcia,Manager,6999
Jane Johnson,Developer,5414
Emma Garcia,Manager,8571
John Brown,Manager,5812
John Garcia,QA,3634
Jane Garcia,Manager,2532
Mike Garcia,Developer,5757
Alice Johnson,Manager,6810
John Garcia,Developer,7116
Alex Garcia,Developer,1064
Alex Miller,Developer,2605
Jane Smith,Developer,1864
Alex Jones,QA,3978
Alice Garcia,Developer,4207
Sarah Garcia,Manager,3040
Alex Jones,Developer,2721
David Williams,Developer,3333
Mike Brown,Manager,6938
Emma Davis,QA,2953
Mike Brown,Developer,5818
Victoria Johnson,Manager,5430
Emma Smith,Manager,7946
Victoria Williams,Manager,3354
Mike Johnson,Manager,2063
Emma Smith,QA,3230
David Williams,Developer,2912
Bob Davis,Developer,2226
Alice Miller,Developer,7509
Sarah Smith,Manager,6241
Emma Garcia,QA,846
David Williams,QA,2625
John Johnson,Manager,6348
Mike Williams,QA,3121
Sarah Davis,Developer,6197
Emma Smith,QA,3908
Sarah Jones,Developer,5339
Victoria Garcia,QA,1661
Emma Smith,Developer,1074
Jane Williams,QA,2570
John Brown,Developer,4916
Bob Garcia,Manager,3094
Alex Garcia,QA,3930
John Williams,Developer,7299
Mike Garcia,Developer,1078
John Williams,QA,3015
John Smith,QA,3705
Jane Garcia,Developer,4255
David Smith,QA,3741
Victoria Jones,QA,3807
Bob Brown,Manager,2873
Emma Jones,Manager,4071
Sarah Johnson,QA,2259
Bob Williams,Developer,1123
Mike Garcia,Manager,9111
Emma Johnson,Manager,7860
Bob Williams,Manager,7903
Bob Johnson,Developer,3894
John Garcia,Developer,7041
Sarah Miller,QA,1299
David Smith,Developer,1170
David Smith,Manager,7054
Emma Davis,Manager,8614
David Davis,Developer,4969
Sarah Williams,Manager,4057
Emma Miller,Developer,6864
Mike Miller,QA,2319
John Garcia,Developer,6649
Alice Garcia,QA,1851
Victoria Williams,Manager,4794
David Davis,QA,2288
Jane Davis,QA,1407
John Jones,QA,2080
Alice Smith,Developer,5003
Emma Williams,Manager,2086
David Brown,QA,2883
David Davis,QA,1404
David Jones,Developer,5280
David Jones,Developer,2327
Emma Brown,Developer,6001
Mike Miller,QA,3751
Sarah Garcia,Developer,3068
Alice Brown,QA,3143
Mike Johnson,Developer,5009
Alice Garcia,Manager,8240
Sarah Brown,Manager,7259
Alice Jones,Manager,4424
Bob Williams,Manager,2451
Bob Williams,Manager,6141
Victoria Williams,Developer,3952
Alex Smith,Manager,3497
Jane Jones,Developer,4525
Mike Garcia,QA,2112
Emma Brown,QA,3156
Alex Johnson,Manager,8060
Mike Johnson,Developer,7513
David Jones,QA,1779
John Garcia,Developer,6615
Alice Miller,QA,2978
Jane Johnson,QA,3880
Emma Brown,Developer,5305
Emma Johnson,QA,2551
Alice Miller,QA,1844
Jane Smith,QA,1676
John Johnson,Manager,9877
John Davis,QA,3719
Jane Garcia,Developer,5704
Alex Williams,QA,1115
Victoria Brown,QA,1497
Alex Johnson,QA,971
Bob Miller,QA,1992
Mike Jones,Developer,3588
Alice Miller,Developer,1319
Alex Williams,Manager,3299
Jane Miller,Developer,5126
Bob Jones,QA,2867
David Jones,QA,2225
Emma Johnson,Developer,4101
Alex Jones,QA,3368
John Jones,Developer,6384
Alex Brown,Manager,4972
John Brown,Developer,7431
Jane Williams,QA,3168
Mike Miller,Developer,5794
John Davis,Manager,9582
Jane Garcia,QA,985
Alice Jones,QA,1971
Alice Jones,Manager,6809
Alice Miller,Developer,4972
Alex Jones,QA,981
Jane Jones,QA,2344
Alice Garcia,Developer,2746
Alex Smith,Manager,6870
Jane Brown,QA,3507
Victoria Davis,QA,2014
Alice Brown,Manager,7543
David Brown,Developer,1513
Emma Williams,Manager,4704
Alice Miller,QA,3104
Jane Smith,Developer,1911
Sarah Garcia,Developer,4967
Alice Jones,Developer,2876
John Brown,Developer,4333
Alex Smith,Manager,9299
John Garcia,Developer,2483
David Johnson,Manager,2978
Bob Garcia,QA,3630
Bob Brown,Manager,3265
Alex Jones,QA,2226
David Brown,Developer,7791
Sarah Garcia,QA,1368
Alice Brown,Developer,4807
Mike Jones,QA,3875
Jane Smith,Developer,6057
Mike Smith,Manager,6217
Jane Jones,Developer,7690
Sarah Jones,Developer,1452
Sarah Davis,Manager,7992
Mike Williams,QA,1835
Bob Davis,Developer,5017
Bob Williams,Developer,7986
Alice Williams,Manager,9403
Emma Brown,Manager,6378
Alice Williams,Manager,5241
Sarah Davis,Developer,3704
Emma Brown,Manager,8721
Alice Johnson,QA,3138
Bob Jones,Developer,1343
Sarah Williams,Manager,3772
Victoria Jones,Developer,6071
John Garcia,Manager,3959
Mike Garcia,Developer,7771
John Davis,Manager,9008
Jane Brown,Developer,1406
Victoria Jones,QA,1575
John Brown,Developer,5478
Sarah Smith,Developer,6755
John Smith,Manager,8453
Jane Garcia,Manager,8815
Victoria Miller,Manager,7665
Sarah Davis,Manager,7605
David Brown,Manager,8351
Mike Smith,Manager,3123
Bob Garcia,Manager,9090
John Garcia,Manager,2270
Bob Johnson,Manager,2595
Victoria Miller,QA,1124
John Garcia,Developer,3032
David Garcia,Developer,4266
Mike Brown,QA,1510
Emma Brown,Manager,2196
David Brown,Developer,7222
David Williams,Manager,5924
Jane Davis,Manager,2081
Alice Davis,QA,1191
Jane Garcia,Developer,1731
Mike Williams,Manager,5455
John Smith,Manager,4855
Emma Johnson,Developer,3450
Mike Jones,QA,1553
Sarah Brown,QA,2291
David Miller,QA,951
Emma Davis,Manager,4208
Mike Johnson,Manager,5268
Bob Garcia,QA,3029
Sarah Davis,QA,3586
Sarah Brown,Developer,3947
David Johnson,Manager,9991
Jane Davis,QA,2364
Sarah Miller,QA,2962
Sarah Garcia,Manager,9843
Sarah Garcia,QA,1790
Alice Garcia,Manager,4802
Alice Johnson,Manager,7104
Sarah Brown,QA,1680
Alex Johnson,Developer,6437
Emma Miller,Developer,4294
Bob Garcia,Developer,4146
Emma Smith,Manager,2834
John Jones,Developer,6383
Alice Brown,Developer,4298
Sarah Williams,QA,3615
Alice Miller,Manager,4026
Jane Miller,Manager,5147
Mike Smith,Developer,5957
Alice Williams,Developer,3907
John Davis,QA,3029
Emma Brown,Manager,6873
Alex Davis,Manager,5599
Bob Davis,Developer,6849
Alice Garcia,QA,2520
Sarah Johnson,Developer,3378
Alex Williams,Developer,1596
John Garcia,Developer,3045
Alice Brown,Developer,3967
Bob Garcia,QA,814
Victoria Johnson,QA,2908
Alice Smith,Manager,2074
Alex Johnson,Manager,4482
Bob Brown,QA,1830
Mike Miller,Manager,3878
Mike Williams,Developer,4276
Sarah Garcia,QA,2177
John Johnson,Developer,4355
Bob Miller,Manager,7896
Sarah Smith,QA,1509
Mike Williams,Developer,3190
Jane Miller,Manager,4189
John Johnson,Developer,5439
David Jones,Manager,5178
Victoria Miller,QA,3682
John Garcia,Manager,4106
Emma Davis,Developer,5388
Alex Miller,Developer,1063
Sarah Davis,Developer,6702
David Davis,Manager,6344
Sarah Garcia,QA,3028
Bob Garcia,QA,3725
Sarah Garcia,QA,3348
Emma Smith,Developer,2158
Victoria Miller,QA,3542
Alice Jones,Developer,6952
Victoria Jones,Manager,8755
Bob Davis,QA,3525
Sarah Johnson,Manager,8453
Sarah Davis,Developer,1394
Bob Brown,Manager,4107
Jane Brown,Manager,2191
Mike Johnson,QA,3973
John Smith,Manager,6068
Alex Johnson,QA,2535
Alice Garcia,QA,3778
Sarah Johnson,QA,3209
Victoria Jones,Developer,4262
David Garcia,Manager,5559
John Brown,Developer,1461
Alex Johnson,QA,808
Victoria Garcia,Developer,1759
Sarah Brown,QA,899
Victoria Jones,Manager,9150
Emma Smith,Developer,2137
David Jones,Developer,3152
John Garcia,Developer,7634
Alex Jones,QA,3014
Jane Brown,Manager,7293
Alex Jones,Developer,5706
David Smith,Manager,6341
Emma Brown,QA,1065
David Johnson,Developer,6655
Bob Williams,Developer,1566
Jane Garcia,Manager,5613
Alex Jones,QA,2030
Victoria Garcia,QA,2063
Alex Davis,Manager,8830
Alice Smith,QA,2452
Mike Garcia,Developer,7651
David Smith,Manager,2221
John Brown,QA,2887
Jane Jones,Manager,9324
Sarah Miller,Developer,3617
Mike Brown,Manager,8759
Jane Johnson,Manager,8684
Bob Davis,Manager,9778
John Miller,Manager,9839
Emma Smith,Manager,8390
Jane Davis,Developer,2700
Alex Jones,Developer,4257
John Jones,Developer,4894
Alice Miller,Developer,6279
Emma Williams,Manager,6107
Jane Williams,QA,3361
David Williams,Manager,5633
Bob Brown,Developer,6586
Jane Smith,Developer,4242
Emma Jones,QA,3736
Sarah Davis,QA,1263
Jane Smith,Developer,1827
Alice Williams,Manager,9608
Jane Garcia,QA,2796
Alex Davis,QA,3678
John Williams,Developer,2202
John Garcia,Developer,5991
Alice Smith,Developer,3111
Emma Johnson,Manager,6532
David Brown,QA,3610
David Garcia,Manager,3758
Jane Brown,Developer,1383
Victoria Miller,QA,1314
John Williams,Developer,6326
David Miller,Manager,3016
Sarah Smith,QA,3807
David Davis,QA,1020
John Johnson,Developer,6955
Alex Brown,Developer,3596
Alex Davis,QA,1608
David Davis,QA,1929
Jane Brown,Developer,6233
Mike Jones,Manager,7185
David Garcia,QA,1164
Jane Jones,Manager,2835
David Smith,Developer,5015
Alice Miller,Developer,5831
Alice Smith,QA,3376
Mike Williams,Developer,3344
Alex Smith,QA,2506
David Davis,Developer,7248
Mike Brown,Developer,2554
Victoria Johnson,QA,2028
Mike Williams,Manager,5508
David Jones,QA,1777
Alex Williams,QA,1601
Jane Brown,QA,3081
Emma Smith,QA,840
David Brown,Developer,6702
Emma Brown,Manager,2523
Bob Jones,QA,2561
David Brown,Developer,1171
Bob Jones,QA,3098
Bob Garcia,Manager,3345
Sarah Brown,Manager,5619
Mike Davis,QA,914
Emma Garcia,Developer,5521
Victoria Brown,Manager,6814
Alex Brown,QA,3302
Mike Miller,Developer,1446
Sarah Smith,QA,1907
Victoria Williams,Developer,3914
Mike Williams,Developer,7823
David Williams,Manager,7905
Alex Smith,QA,1915
David Davis,Developer,7909
Alice Garcia,QA,2324
Alice Miller,QA,2087
Bob Davis,Manager,7861
Alex Johnson,Developer,4396
Emma Davis,Developer,1184
Sarah Miller,Developer,4529
Bob Johnson,QA,3764
Emma Smith,Developer,4247
Jane Williams,Manager,2400
Alex Miller,QA,1717
Mike Smith,QA,3851
Mike Jones,Manager,7022
Bob Brown,Manager,4856
Emma Johnson,QA,2828
Mike Johnson,QA,1160
David Garcia,QA,2476
Bob Brown,QA,2887
John Davis,Manager,5981
Mike Brown,Developer,7816
Bob Garcia,Developer,3788
Alice Johnson,Manager,6453
David Smith,Manager,3617
David Brown,QA,3744
Jane Smith,Manager,9328
Jane Davis,QA,3685
John Miller,QA,2234
Bob Smith,Manager,2017
Jane Williams,Developer,2744
Sarah Smith,Developer,3065
Alex Williams,QA,2091
Victoria Jones,QA,2404
Victoria Davis,Manager,3813
Jane Jones,Manager,4391
Alex Davis,QA,3621
Alex Johnson,Manager,9788
Victoria Brown,Manager,7643
Sarah Smith,QA,1687
Alex Brown,QA,2820
Alex Jones,Developer,3088
Emma Smith,QA,2806
John Jones,Manager,8883
Sarah Smith,QA,3915
Emma Garcia,QA,1578
John Johnson,QA,1813
David Garcia,Manager,4795
Alex Jones,Manager,7231
Alice Smith,Developer,1794
Emma Davis,Manager,2026
Mike Davis,QA,3424
Victoria Williams,Developer,1806
Alice Brown,Manager,9754
David Jones,Manager,3411
Emma Jones,QA,1840
Emma Davis,QA,1434
Emma Williams,QA,3868
Alice Miller,Manager,8476
Alice Davis,Manager,8969
Emma Garcia,Developer,2372
Victoria Miller,Developer,4837
John Williams,Developer,1240
Mike Smith,Developer,3634
Alice Garcia,Manager,9676
Bob Brown,QA,3981
Victoria Miller,QA,3724
Mike Davis,Manager,2855
Emma Jones,Manager,3858
Bob Jones,QA,1866
John Williams,QA,3233
John Miller,Developer,2113
Victoria Jones,QA,3423
Jane Williams,QA,3809
Mike Smith,QA,1793
Alex Davis,Manager,4828
Jane Miller,Developer,5924
Sarah Garcia,Developer,5146
John Johnson,QA,2439
Emma Miller,Developer,7532
Mike Smith,Manager,9570
Alice Davis,Manager,7734
Bob Garcia,QA,3863
Jane Brown,QA,1235
Emma Jones,QA,3355
Jane Garcia,Manager,3821
Alice Jones,QA,1094
Alice Garcia,Manager,6284
Alice Jones,Manager,4552
Sarah Garcia,QA,3382
Mike Jones,QA,2664
Alice Smith,QA,1114
Bob Williams,Developer,1058
Emma Brown,Manager,5572
Alice Davis,Developer,6356
Bob Garcia,Manager,2501
Alice Garcia,Developer,7212
David Smith,Manager,5198
Bob Davis,Developer,3123
Mike Johnson,Manager,9721
Bob Williams,Developer,5354
Bob Miller,Manager,9789
Emma Garcia,Manager,6448
Sarah Jones,Developer,5512
Alice Johnson,Manager,3268
Bob Smith,QA,2390
Alice Smith,Manager,6493
Bob Brown,QA,1035
Sarah Johnson,QA,1523
Alex Johnson,QA,2422
John Brown,Manager,6613
David Jones,Manager,9554
David Davis,QA,2972
Jane Jones,QA,3301
David Williams,QA,1296
Bob Davis,Developer,6290
Mike Davis,QA,1856
Alice Williams,Manager,6217
Alex Miller,QA,3258
John Williams,Developer,3603
Alice Johnson,Manager,4917
Alex Brown,QA,2177
Victoria Johnson,Manager,6039
Bob Smith,Manager,3307
Victoria Garcia,QA,2804
Sarah Williams,Developer,2661
John Miller,QA,3687
Jane Johnson,QA,3039
John Garcia,QA,3431
Mike Miller,QA,2369
Sarah Jones,QA,3084
Sarah Smith,Manager,9259
Sarah Davis,QA,1272
Bob Johnson,QA,2133
Bob Brown,Manager,2830
Emma Miller,QA,3597
David Garcia,Developer,4789
Alice Miller,Manager,4612
Alice Williams,Manager,4879
John Johnson,QA,2800
Emma Smith,Manager,2120
Sarah Davis,Developer,2986
Mike Smith,Manager,6204
Jane Smith,Manager,7453
John Garcia,QA,2245
David Miller,QA,3446
Alex Johnson,QA,1306
Bob Smith,Developer,5338
David Miller,Manager,8933
Victoria Jones,QA,1697
Victoria Garcia,Developer,5945
Emma Brown,Manager,6801
David Williams,Developer,1312
Bob Miller,Developer,1065
David Johnson,QA,3367
Sarah Smith,Manager,8507
Bob Brown,QA,1615
Alice Jones,QA,2995
David Brown,Developer,2444
Jane Davis,QA,2502
John Smith,QA,2241
John Brown,Manager,9720
David Williams,Developer,4275
John Brown,Manager,6523
Alice Johnson,Manager,2225
Mike Garcia,Developer,7380
John Miller,QA,1499
Victoria Smith,Developer,5028
Jane Smith,Developer,7405
Alex Jones,Developer,2880
David Smith,QA,1843
David Williams,Developer,6907
Mike Brown,QA,813
Alice Johnson,Developer,1358
Victoria Johnson,Manager,9508
Sarah Williams,Manager,8101
Alex Miller,Developer,7401
Victoria Brown,QA,2750
David Davis,Developer,5654
John Davis,Manager,8316
Alice Miller,Developer,3337
Mike Garcia,Manager,5602
Emma Smith,Developer,3366
Emma Jones,QA,1166
Mike Jones,QA,1903
Alice Miller,Manager,7230
Victoria Davis,QA,1116
Sarah Williams,QA,2488
Mike Jones,Developer,5493
Sarah Brown,QA,3900
John Miller,QA,2027
Alice Brown,Manager,4617
Sarah Brown,Developer,2117
Alice Brown,Manager,9619
Emma Garcia,QA,3616
John Brown,Developer,2787
Sarah Smith,QA,1717
Mike Brown,Developer,1197
Mike Smith,Manager,9208
Sarah Williams,QA,1339
Alex Miller,Developer,3329
Jane Johnson,Developer,3695
David Garcia,Manager,8036
Mike Brown,QA,2291
David Miller,Manager,7372
Victoria Brown,Manager,2878
Victoria Jones,Manager,4259
David Johnson,Manager,8334
Bob Garcia,Developer,2319
Jane Miller,Manager,6314
Mike Davis,QA,1362
Mike Williams,QA,1628
Bob Williams,Manager,6641
Emma Jones,QA,1097
Jane Smith,QA,1423
Jane Jones,Manager,7363
Victoria Brown,Manager,4042
Mike Brown,Manager,4205
Bob Jones,Developer,7395
Bob Miller,Manager,4887
David Garcia,Developer,1347
Jane Williams,Developer,4310
Alex Johnson,Developer,7870
John Garcia,Manager,6376
David Davis,Manager,3741
Jane Garcia,Manager,7466
Alice Williams,QA,844
Victoria Miller,QA,1081
Mike Davis,Developer,6520
Alice Williams,Manager,8830
Alice Miller,Developer,1553
John Brown,QA,3711
Alex Williams,Developer,5874
Bob Davis,QA,946
Victoria Brown,Manager,9456
Mike Williams,Developer,2556
Victoria Davis,Developer,3973
Victoria Miller,QA,3584
Mike Williams,QA,3370
David Miller,QA,1932
Alice Brown,Developer,7750
Victoria Brown,Manager,2608
Jane Davis,Developer,7234
Alice Brown,Developer,3450
Alex Brown,Manager,8781
Victoria Johnson,Developer,5504
Alex Johnson,QA,1150
Emma Williams,QA,1995
Bob Garcia,Developer,7363
David Williams,QA,3378
Alice Smith,QA,1579
Alice Garcia,Manager,6727
Bob Garcia,Manager,6613
Alex Garcia,Developer,4719
Alex Garcia,Manager,8714
Victoria Garcia,QA,2684
Jane Jones,Manager,7281
Emma Williams,Developer,7812
Alex Miller,Manager,8015
Sarah Smith,Manager,2143
Sarah Williams,Developer,7604
John Miller,Manager,6168
Emma Davis,Manager,6518
Bob Miller,QA,1358
John Davis,Manager,3472
John Davis,Manager,7147
Victoria Davis,Developer,6044
Sarah Garcia,Manager,5833
Emma Miller,Developer,4993
David Miller,QA,3375
Mike Miller,QA,1980
Emma Jones,QA,3483
Sarah Jones,Developer,7159
Bob Smith,QA,1692
Alex Jones,Manager,8087
Alice Smith,QA,2780
John Brown,QA,3612
Jane Johnson,QA,3995
Alex Miller,QA,1773
Bob Smith,QA,2296
Alice Davis,Manager,6873
Sarah Smith,Manager,5120
David Davis,Manager,4187
David Miller,Developer,2428
Alex Miller,QA,3692
David Smith,QA,2879
David Jones,Manager,3347
Alex Smith,Manager,5249
Victoria Johnson,QA,2666
Bob Davis,Manager,9472
Mike Brown,Developer,1373
Victoria Garcia,Manager,6948
Sarah Johnson,Manager,2719
John Garcia,QA,2592
Bob Smith,Manager,6235
Mike Smith,QA,3494
John Johnson,Developer,3823
Alex Miller,QA,3436
Victoria Jones,QA,1525
Alex Brown,QA,1660
Emma Johnson,Manager,7517
Jane Williams,QA,2215
Bob Miller,Developer,3468
Alice Davis,Developer,1421
Mike Miller,Manager,3421
Jane Jones,Manager,2393
Mike Williams,Developer,1525
David Miller,Manager,2821
Jane Davis,Manager,2944
Bob Johnson,Developer,7011
David Garcia,Developer,5774
Mike Miller,QA,2062
Victoria Miller,QA,1906
Emma Jones,Developer,6798
Victoria Garcia,QA,2267
David Jones,Manager,4950
David Davis,Developer,3901
Emma Jones,Manager,9381
Alex Davis,Manager,2557
Alex Williams,Developer,4327
Sarah Miller,Developer,2834
Bob Johnson,Manager,4709
Bob Jones,QA,2515
Victoria Garcia,Manager,4396
Alice Jones,Manager,5105
Jane Johnson,Developer,6524
Victoria Garcia,Developer,3672
Victoria Smith,QA,840
Bob Miller,Developer,4934
Emma Williams,Manager,7086
David Johnson,Developer,2786
John Brown,Developer,2391
Alex Smith,Manager,4048
David Jones,QA,1432
Alex Williams,Developer,1992
David Miller,QA,2102
Emma Miller,Manager,6575
Alice Johnson,QA,2639
John Jones,Developer,5976
Emma Smith,QA,1111
Jane Miller,Manager,9085
Alex Jones,QA,3148
Mike Smith,QA,2359
Jane Davis,QA,2613
David Jones,Developer,1164
Jane Johnson,Developer,6522
Emma Garcia,Manager,5872
Alice Miller,Manager,3983
Jane Johnson,Manager,9677
David Miller,QA,3705
Bob Garcia,Manager,4137
Sarah Miller,QA,3285
Sarah Garcia,QA,3657
Alex Jones,QA,3472
John Davis,QA,2323
Sarah Smith,Manager,8842
Alice Miller,Manager,9890
Alex Williams,QA,2373
Mike Garcia,Manager,7591
Mike Brown,QA,2866
Jane Williams,Developer,2785
Bob Smith,QA,3795
Alice Jones,QA,1575
Bob Garcia,QA,936
Emma Smith,Developer,2889
Emma Brown,Developer,4763
Alex Smith,QA,2620
Jane Miller,QA,1688
Jane Jones,Developer,3070
Jane Smith,Manager,6901
Mike Davis,Manager,4393
Victoria Smith,Manager,2534
Bob Johnson,QA,2272
Jane Garcia,Manager,9285
Jane Jones,Developer,2737
Bob Garcia,Manager,4453
Victoria Garcia,QA,3091
Mike Johnson,Developer,6849
Sarah Smith,QA,2636
Mike Garcia,Manager,2572
Emma Smith,Developer,2198
Bob Brown,Developer,5044
Jane Brown,QA,2656
John Garcia,Manager,2700
Alice Miller,Manager,9513
John Garcia,QA,3237
Bob Brown,QA,1541
Alex Miller,Manager,6521
Bob Miller,Manager,6889
John Jones,Developer,4211
Alice Garcia,Manager,7309
Sarah Miller,Developer,6934
Victoria Williams,Developer,7771
Jane Smith,QA,3267
Emma Williams,QA,857
John Johnson,Developer,5914
David Miller,QA,2469
Mike Jones,Manager,6261
Jane Johnson,Manager,7469
Alice Johnson,Manager,7396
Bob Johnson,Developer,4398
Sarah Davis,QA,3976
David Garcia,QA,1598
Alex Johnson,QA,2691
Emma Brown,Developer,1035
Alice Davis,QA,3881
Alice Garcia,QA,1418
Bob Johnson,QA,970
Alice Davis,Manager,2961
Alex Williams,QA,3716
Sarah Garcia,Developer,4801
Sarah Miller,QA,3727
David Brown,QA,953
Victoria Brown,Developer,1319
Victoria Williams,Manager,8512
Emma Smith,QA,1405
John Smith,Developer,6558
David Garcia,Manager,3590
Bob Jones,QA,2855
Emma Brown,QA,3629
Alice Smith,Manager,8030
Sarah Johnson,Manager,3170
Emma Garcia,QA,1628
Alice Brown,Developer,6991
Mike Miller,Developer,7110
Alice Miller,Manager,3609
Alice Garcia,Manager,5026
Mike Davis,QA,1249
Emma Williams,Manager,2942
Victoria Williams,Manager,6854
John Brown,QA,3605
Bob Johnson,QA,1466
Emma Jones,Developer,1710
Alice Johnson,Developer,2722
Sarah Williams,Manager,6705
Victoria Johnson,QA,3244
Alice Smith,Manager,7050
Emma Smith,QA,2278
Mike Garcia,Manager,4506
Victoria Johnson,QA,3774
Victoria Davis,QA,2346
Alice Williams,Manager,7706
Mike Smith,QA,961
Alice Miller,Manager,6894
Emma Brown,QA,1051
John Smith,Manager,6160
Jane Smith,Developer,5624
Mike Davis,Manager,4885
Victoria Garcia,QA,2980
Jane Johnson,QA,2523
Victoria Brown,QA,1415
Victoria Miller,QA,1467
Alex Jones,Manager,2870
Jane Garcia,Developer,3133
Mike Jones,Manager,4892
John Johnson,QA,3526
Emma Jones,Manager,5918
Alice Miller,QA,1758
Sarah Brown,Manager,4476
Jane Garcia,QA,1088
David Miller,Manager,8160
Jane Smith,Manager,3241
Victoria Williams,Manager,4566
John Davis,QA,988
Bob Brown,Manager,3222
David Jones,Developer,2119
Alice Johnson,Manager,7899
Jane Smith,Manager,9484
Bob Williams,Manager,2313
Jane Brown,QA,3704
David Jones,Developer,6448
Victoria Brown,Developer,1249
Bob Jones,Developer,6540
Alex Davis,Developer,4938
Victoria Williams,Developer,5173
Jane Davis,Developer,4249
David Davis,Manager,5112
Victoria Miller,QA,2657
Victoria Brown,Developer,2737
Sarah Jones,Manager,4845
Bob Williams,Developer,3216
David Davis,Developer,4300
Bob Johnson,QA,1318
Sarah Johnson,Manager,6302
Emma Jones,Developer,6652
Mike Davis,Manager,7865
Alice Williams,Manager,3216
John Brown,Manager,6060
Emma Davis,QA,1541
David Smith,Manager,5799
Bob Jones,Manager,7604
Victoria Garcia,QA,1376
Bob Smith,Manager,8404
Alex Davis,Developer,7690
Bob Johnson,QA,3450
Mike Brown,Developer,7104
Alex Smith,Developer,3939
Mike Brown,QA,3276
Alice Miller,Manager,6048
Alice Davis,QA,3723
Alice Garcia,QA,1518
Bob Williams,Manager,5096
David Smith,Manager,5715
Victoria Brown,QA,2642
Jane Garcia,Developer,5321
Alex Garcia,Manager,5079
Alex Jones,Manager,7838
Alice Miller,Developer,3201
Mike Garcia,QA,3434
Bob Jones,QA,3414
John Johnson,Developer,5550
Emma Davis,QA,982
Victoria Davis,QA,2827
Mike Davis,QA,2786
Bob Garcia,Manager,8094
Sarah Miller,Manager,8632
Bob Garcia,Developer,1984
Alex Jones,QA,3267
Jane Johnson,Manager,2781
Emma Miller,Manager,3020
Bob Miller,Developer,4632
Victoria Williams,Manager,7387
Mike Johnson,Developer,2365
Emma Johnson,QA,3648
Alice Miller,QA,1755
Mike Garcia,Developer,7678
Alice Smith,QA,3393
Victoria Davis,QA,3579
Jane Jones,QA,3748
Alex Miller,QA,3302
Emma Smith,Developer,4477
Sarah Brown,Developer,4983
Mike Miller,Manager,2707
Bob Garcia,QA,2710
David Williams,QA,1124
Bob Williams,Manager,2917
Alex Miller,Developer,7453
David Johnson,QA,3441
Bob Jones,QA,1484
David Davis,Manager,3876
Jane Miller,Developer,1966
Alex Brown,Developer,6079
Alex Davis,QA,896
Sarah Garcia,Manager,3401
Sarah Brown,Manager,3915
Emma Brown,Developer,5087
John Davis,Manager,3861
Sarah Jones,Developer,3680
Alex Brown,Manager,6009
Alex Johnson,Manager,4029
John Davis,QA,3004
Alice Johnson,Developer,6207
Sarah Miller,QA,3087
Sarah Brown,QA,3456
Alex Williams,Manager,3831
Victoria Miller,QA,1960
John Smith,Developer,4406
David Garcia,Developer,5413
Victoria Johnson,Developer,4862
Bob Garcia,Manager,3760
John Davis,QA,3207
Alice Davis,Manager,5441
Alex Brown,Developer,1004
Mike Miller,Developer,1906
Emma Garcia,Manager,8581
Bob Smith,Manager,2704
Mike Johnson,Developer,3517
Mike Jones,Developer,4153
Mike Williams,Developer,7248
Alex Jones,Manager,6308
Alex Garcia,QA,2553
John Jones,QA,3521
Emma Brown,Developer,1343
Bob Garcia,Developer,6562
Sarah Williams,Manager,7037
Sarah Williams,QA,3430
Emma Williams,Manager,2289
Alice Garcia,Manager,2131
John Brown,QA,2190
Alex Williams,Manager,4210
Victoria Miller,Developer,1472
Mike Garcia,QA,983
Alice Brown,Manager,3189
Emma Smith,Manager,3838
Jane Brown,QA,1580
John Johnson,QA,1004
Alex Davis,QA,3492
Jane Davis,QA,3239
Victoria Davis,Manager,4449
Jane Smith,QA,3511
Sarah Garcia,Manager,9331
Mike Jones,QA,2382
David Brown,Developer,7253
Mike Brown,Developer,3774
Alice Johnson,Developer,5465
Sarah Smith,QA,1572
Sarah Garcia,Developer,4602
Bob Williams,Manager,9318
Alice Davis,QA,3523
John Miller,Manager,3347
Emma Jones,Manager,2792
Mike Garcia,Manager,2040
Mike Miller,QA,2337
Victoria Jones,Developer,2366
John Brown,Manager,4225
Bob Johnson,Manager,4347
Bob Brown,QA,2485
Bob Garcia,Developer,2549
Alex Garcia,Developer,6253
John Garcia,Developer,6386
David Miller,Manager,5695
Alex Miller,Developer,4758
Alice Smith,Developer,2871
Emma Miller,Developer,7926
Bob Miller,Manager,6849
Emma Jones,Developer,5371
Alex Brown,Developer,3654
Mike Jones,Developer,6452
John Smith,QA,3633
Jane Smith,Manager,8649
Victoria Miller,QA,2637
Alice Garcia,Manager,6265
David Davis,Manager,3483
Mike Miller,Manager,7645
Alice Miller,Manager,8224
Alex Jones,QA,1501
Mike Williams,Manager,7427
Mike Davis,QA,1558
John Smith,Developer,7121
David Williams,QA,1783
Jane Davis,Manager,8263
Bob Garcia,Manager,9731
Alex Johnson,Developer,2534
John Garcia,QA,3824
David Smith,Manager,4134
Alex Brown,Manager,4663
Sarah Johnson,QA,1508
Bob Garcia,QA,3452
Jane Garcia,Manager,6624
John Johnson,Manager,8757
Alex Jones,Manager,6152
Alice Davis,Manager,5786
John Johnson,QA,2140
Emma Williams,Developer,3952
John Williams,Developer,5618
Sarah Williams,QA,2272
Alice Smith,QA,3044
Victoria Miller,Manager,4104
Victoria Johnson,Developer,6525
David Jones,Developer,1357
Sarah Davis,Manager,8144
Jane Jones,Developer,7164
David Williams,QA,3778
Alex Jones,Developer,6170
Emma Johnson,Manager,7961
Alex Jones,Developer,1398
Emma Brown,QA,1107
Jane Miller,Manager,6873
Mike Johnson,QA,971
Bob Smith,Manager,9514
David Williams,Manager,2139
John Davis,Developer,6193
Bob Jones,Developer,3132
Bob Garcia,Developer,2819
Alice Garcia,Developer,1899
Alice Brown,Developer,4843
John Williams,Manager,5125
Alex Brown,Manager,8400
John Brown,QA,1032
Emma Smith,Manager,6227
Emma Garcia,Manager,6231
Alice Jones,Developer,6197
Jane Jones,Developer,4434
Mike Williams,QA,3283
Bob Johnson,QA,1902
Emma Williams,Developer,7134
Mike Brown,Manager,4075
Alice Miller,Manager,8987
Sarah Miller,Manager,5001
Alex Johnson,QA,2326
Victoria Brown,QA,2025
Jane Jones,QA,3744
Victoria Miller,QA,2363
Emma Brown,Developer,4069
Jane Davis,Developer,4197
Alice Johnson,Manager,8035
David Johnson,QA,3334
Alice Miller,QA,1763
Alex Brown,Manager,9240
Victoria Williams,Developer,1575
Alice Garcia,QA,3308
Sarah Garcia,QA,3550
Mike Brown,Manager,6067
Bob Williams,Manager,8772
Sarah Williams,Developer,7839
Jane Williams,QA,1907
John Johnson,QA,1123
Victoria Smith,QA,2298
Bob Brown,QA,3990
Alex Garcia,Developer,5099
John Johnson,Manager,2612
Emma Davis,QA,3189
Jane Smith,Manager,3862
Alice Miller,Developer,6024
Victoria Davis,Developer,1413
Bob Brown,Manager,3896
David Smith,Manager,3645
Victoria Johnson,QA,3024
Victoria Miller,Developer,4184
Sarah Williams,Manager,3103
Alex Miller,QA,3500
Mike Davis,Manager,4523
Emma Garcia,Developer,6231
Emma Miller,Manager,7980
Emma Williams,Manager,8313
David Miller,Developer,1297
John Johnson,Developer,6227
Jane Davis,QA,1658
Emma Davis,Developer,5498
Jane Smith,QA,3686
David Smith,Manager,6501
Alex Jones,QA,2355
Victoria Jones,Manager,7410
John Johnson,QA,1054
Victoria Smith,Developer,6409
John Smith,Manager,2869
David Miller,Manager,6489
Alice Miller,Developer,5602
Emma Garcia,Developer,1735
Victoria Williams,Manager,4699
Jane Williams,QA,3424
Emma Jones,Developer,3778
Alex Brown,QA,3837
David Johnson,Developer,7056
David Davis,QA,972
David Jones,QA,2733
David Brown,Developer,3412
Bob Jones,QA,1606
John Williams,Manager,5223
Jane Johnson,Developer,5478
Bob Jones,QA,1293
Jane Jones,QA,869
Sarah Brown,Manager,9047
Victoria Miller,QA,1134
John Miller,QA,3864
Bob Smith,Manager,7974
Mike Jones,QA,1730
Emma Brown,QA,3351
David Brown,Manager,8604
Victoria Davis,QA,3161
Alex Johnson,QA,2515
Victoria Smith,Manager,6789
Bob Johnson,Manager,5320
Alice Brown,Developer,1255
Alex Garcia,Manager,3681
David Brown,QA,2503
Emma Brown,QA,3642
David Garcia,Manager,9997
Jane Jones,Manager,5458
Jane Smith,Manager,4654
Victoria Jones,Developer,7104
John Miller,Developer,3423
Emma Brown,Manager,8591
Alex Johnson,Manager,5210
Victoria Miller,Developer,4916
Alice Smith,Manager,8849
Alice Smith,Developer,2196
Mike Jones,Developer,6151
Victoria Brown,Developer,2420
David Jones,QA,1064
Alice Smith,QA,836
Jane Davis,QA,1789
Sarah Miller,QA,3013
Mike Johnson,Developer,1305
Emma Williams,Manager,5722
Alex Jones,Developer,5033
Alice Miller,QA,2260
John Davis,Manager,3484
David Garcia,Manager,9451
Bob Garcia,Manager,9148
Bob Garcia,Developer,2716
Sarah Williams,Manager,9478
John Brown,Manager,2449
Emma Johnson,Developer,5677
Mike Williams,Manager,7040
John Williams,Manager,5689
John Miller,Developer,4352
David Garcia,Manager,2152
John Williams,QA,2044
John Johnson,QA,2934
John Miller,QA,2312
Mike Johnson,Manager,2416
Sarah Brown,Manager,3586
David Garcia,QA,3784
Alex Davis,QA,2364
Victoria Williams,Manager,3516
Emma Davis,Manager,8281
Alice Johnson,Manager,7103
Sarah Garcia,Manager,2222
Sarah Jones,Manager,7566
David Jones,Developer,6504
Mike Johnson,QA,1356
Alice Miller,Developer,6142
Alex Smith,Manager,2701
Emma Johnson,Developer,2272
Bob Davis,Manager,7978
Victoria Davis,Manager,5981
Alex Miller,Manager,6716
Emma Brown,Developer,3132
Sarah Jones,QA,1200
David Miller,Manager,9653
Emma Davis,QA,1283
Bob Miller,QA,2877
Alex Johnson,QA,3952
David Garcia,QA,2333
Mike Johnson,Manager,3327
Alice Smith,Developer,2756
Alice Davis,Developer,1434
John Johnson,Developer,3539
Alex Davis,QA,2312
David Smith,QA,1680
Mike Davis,Manager,8029
Alex Davis,QA,1457
Mike Garcia,Manager,4893
Alice Jones,Manager,8488
Emma Jones,Developer,6724
David Johnson,Developer,3348
Bob Jones,Manager,2169
Jane Jones,QA,2647
Mike Smith,QA,3061
Jane Smith,Developer,7050
Bob Garcia,Manager,9877
Mike Brown,Manager,5135
Bob Miller,QA,2134
Bob Miller,Developer,6020
Jane Williams,Manager,2185
Jane Brown,Manager,5284
John Davis,Developer,3589
Jane Williams,Manager,6151
Alex Miller,QA,1585
Alex Johnson,Developer,5474
Alice Smith,Manager,2977
John Davis,Developer,2779
David Jones,Manager,8482
Jane Johnson,Developer,1896
Victoria Smith,Manager,2788
Mike Jones,QA,2611
Sarah Garcia,QA,3027
David Smith,Developer,1324
Emma Smith,QA,3217
Emma Garcia,Developer,2376
Emma Davis,QA,3872
Alice Johnson,QA,2917
Bob Garcia,QA,3845
Victoria Williams,Manager,9982
Victoria Garcia,Manager,6244
Mike Brown,QA,2461
Jane Smith,QA,3345
David Davis,Developer,3074
Bob Miller,Manager,4423
Jane Williams,QA,3469
Sarah Brown,QA,2139
Victoria Johnson,QA,3745
Alex Johnson,Developer,1772
Emma Smith,Manager,9730
Mike Brown,Manager,9612
John Smith,Manager,8045
Mike Smith,QA,3737
Mike Johnson,QA,1174
Jane Williams,QA,3177
Emma Williams,Developer,6133
Bob Jones,QA,3321
Alice Smith,QA,1093
Emma Johnson,Developer,6757
Sarah Jones,QA,1426
Jane Johnson,Manager,5383
Mike Jones,QA,3714
Alice Williams,QA,3814
Mike Garcia,Manager,8865
David Brown,Manager,8393
Alice Davis,Developer,3153
Sarah Smith,Developer,2521
David Johnson,Manager,4605
Victoria Johnson,Developer,1820
Alice Davis,Developer,1425
Alex Brown,QA,2639
Sarah Brown,Developer,1191
Victoria Miller,Manager,2370
Sarah Williams,Developer,4087
Victoria Smith,QA,2988
Emma Smith,Developer,7319
Victoria Brown,Manager,4855
Victoria Davis,Developer,7924
Alice Johnson,Developer,3617
David Garcia,Developer,3699
Alex Brown,Developer,7000
Emma Davis,Developer,5430
John Williams,QA,2540
John Garcia,Manager,2457
Victoria Smith,Manager,9363
Emma Miller,Manager,8758
Alice Smith,Manager,4763
Mike Smith,Manager,6429
Mike Smith,Developer,7740
Emma Davis,QA,1199
Alice Brown,QA,2702
Emma Smith,Developer,3263
Bob Jones,Developer,6988
David Smith,Manager,9799
Emma Johnson,Manager,9723
Jane Garcia,Developer,7052
David Garcia,Manager,7676
John Davis,Developer,6654
Jane Brown,QA,1060
Emma Jones,QA,3931
Mike Williams,Manager,2622
Alex Miller,QA,2412
John Jones,Manager,2374
Bob Smith,Manager,3663
Victoria Brown,QA,3916
Mike Williams,QA,2875
Alice Jones,Developer,7919
John Davis,Manager,8266
Victoria Davis,Manager,5489
David Miller,QA,3670
Jane Smith,Manager,8587
Alex Garcia,QA,1935
Victoria Brown,QA,2844
Jane Williams,Developer,3019
Emma Garcia,Developer,4632
Emma Johnson,Manager,9979
Mike Smith,QA,2301
Bob Jones,QA,1484
Mike Brown,QA,2621
Jane Johnson,QA,3234
Alice Davis,Manager,8714
Mike Smith,QA,1304
John Williams,Developer,3555
David Jones,QA,1751
Jane Smith,Manager,6338
Bob Miller,Manager,4896
Sarah Davis,Developer,5738
John Johnson,Developer,3482
Mike Williams,Manager,9641
Victoria Williams,Developer,2535
Jane Williams,QA,2274
Emma Williams,QA,2497
Sarah Smith,Manager,3679
John Davis,QA,2626
Alice Johnson,Developer,4295
Alice Garcia,Manager,2415
Emma Johnson,Developer,3693
Emma Garcia,Manager,7167
Alex Smith,Manager,3546
Bob Jones,QA,1546
David Davis,QA,3580
Victoria Garcia,QA,1235
David Garcia,Developer,4814
Sarah Miller,QA,1489
Sarah Brown,Developer,3216
John Miller,QA,2351
Alex Miller,Manager,4329
David Johnson,Manager,4766
Alice Brown,Manager,2806
Bob Jones,Developer,7286
Jane Smith,Developer,1005
Alex Garcia,QA,3881
Mike Garcia,Developer,1309
Alice Davis,Developer,4657
Alex Miller,Manager,2903
Jane Davis,Developer,3719
John Jones,QA,1977
Alice Williams,Developer,3773
Jane Johnson,Manager,5178
Bob Brown,QA,1060
Jane Davis,Manager,9865
David Brown,Developer,1206
Sarah Smith,Developer,2203
David Williams,Developer,3952
David Miller,QA,3595
Victoria Williams,Developer,3024
Sarah Garcia,Developer,2849
Alice Johnson,Manager,5989
Alex Jones,QA,1271
Emma Brown,Developer,6795
Mike Davis,QA,2299
Alice Jones,Manager,5868
David Johnson,Manager,8858
Victoria Davis,Developer,4608
David Davis,Developer,7445
Victoria Williams,Manager,9547
Emma Davis,QA,3705
Emma Johnson,Manager,3457
John Brown,Manager,4895
Victoria Smith,Developer,6388
Sarah Jones,Manager,2203
John Williams,QA,2622
Alex Garcia,QA,3370
Emma Jones,Developer,6444
Alice Miller,Developer,6882
Alice Johnson,Developer,2265
David Davis,Manager,3756
Victoria Davis,Manager,8444
Emma Davis,Developer,3200
Mike Williams,Developer,5642
Sarah Jones,Manager,8850
Emma Johnson,Manager,7577
Alex Brown,QA,951
John Garcia,Developer,6214
Emma Garcia,QA,3587
Emma Johnson,Developer,5445
Alice Smith,Developer,6905
Sarah Johnson,QA,969
John Jones,Manager,8753
Alex Garcia,Manager,9059
Jane Garcia,QA,3400
Jane Jones,Manager,5000
Sarah Miller,QA,3941
David Miller,Developer,6303
Bob Jones,Developer,5614
Mike Davis,Developer,7191
Sarah Miller,QA,3933
David Smith,QA,1380
Alice Garcia,Manager,2666
Bob Jones,Manager,4816
Bob Davis,QA,2638
Victoria Williams,QA,2984
Bob Brown,Manager,5772
John Jones,Manager,8984
Victoria Davis,Manager,4020
Mike Miller,QA,1714
Sarah Garcia,Manager,9196
David Brown,Manager,7700
John Jones,Manager,4420
Jane Jones,Developer,1052
Alex Williams,Manager,9239
Jane Brown,QA,3813
David Smith,Manager,2428
Alice Brown,QA,1951
Bob Johnson,Manager,6569
Alex Johnson,Manager,2330
Jane Davis,QA,3970
Mike Jones,Manager,4780
Alice Brown,Manager,8598
Emma Smith,Developer,2242
Sarah Garcia,QA,1232
Alex Davis,Manager,9766
Alex Miller,Developer,5548
David Miller,QA,2455
Mike Davis,Manager,8615
David Jones,QA,2973
Victoria Williams,Developer,3036
John Davis,QA,1895
Jane Davis,Developer,1108
Jane Smith,Manager,6615
Alice Johnson,QA,3576
Alex Johnson,QA,3080
Jane Johnson,Manager,3093
Sarah Williams,QA,3383
Emma Miller,QA,3506
Bob Williams,Developer,6541
John Miller,Manager,4730
Emma Smith,QA,1096
Mike Davis,Manager,4813
Alice Williams,Manager,3926
Emma Davis,QA,1419
Alex Jones,Manager,6958
David Brown,Developer,4759
Victoria Johnson,QA,3336
Victoria Smith,QA,3617
Emma Williams,Developer,4083
Sarah Jones,Manager,6143
Jane Williams,QA,2766
Jane Davis,Developer,2917
Victoria Jones,Manager,7509
John Garcia,Manager,7840
Mike Smith,Manager,6913
Sarah Johnson,Manager,4312
Victoria Garcia,Manager,9286
Bob Garcia,Developer,1865
John Miller,Manager,2934
Victoria Johnson,Developer,4194
John Miller,Developer,2588
Jane Johnson,Developer,7535
Jane Brown,Manager,5240
Alex Smith,QA,2468
Mike Brown,Developer,2171
Alex Miller,QA,3891
John Smith,QA,1534
Bob Garcia,Manager,6473
Victoria Williams,Developer,7525
Mike Davis,Developer,1282
Alex Smith,QA,2679
Victoria Miller,Manager,5107
Sarah Williams,QA,1693
Victoria Williams,QA,3620
Emma Jones,Developer,6537
Jane Miller,QA,2619
Sarah Davis,Manager,4854
John Williams,Developer,1716
Victoria Williams,Manager,6209
Sarah Smith,QA,2794
Bob Jones,Developer,5415
Bob Brown,QA,1616
Emma Johnson,Developer,1460
Alice Smith,Developer,1146
Bob Garcia,Developer,4702
Bob Davis,QA,2106
Alice Johnson,QA,2347
Victoria Miller,Developer,1651
Mike Williams,Manager,9368
Alice Williams,Developer,5980
Jane Garcia,Developer,5844
Jane Jones,Developer,4246
David Johnson,Developer,3057
Bob Smith,QA,3110
Bob Garcia,Manager,3728
Victoria Garcia,Manager,4200
Emma Miller,Manager,6820
Bob Williams,Manager,6228
Bob Jones,QA,3506
Mike Brown,QA,1336
Victoria Brown,QA,1623
Victoria Smith,QA,3415
Sarah Johnson,Manager,2919
Victoria Williams,Developer,4458
Alice Williams,QA,3179
Mike Miller,Manager,3033
John Brown,Manager,5433
John Miller,Manager,6371
Alex Garcia,QA,3193
Victoria Jones,QA,1357
Victoria Brown,Developer,1589
Alex Johnson,Developer,2339
Bob Johnson,Developer,4581
Bob Brown,Manager,7213
John Brown,QA,960
Jane Smith,Manager,4256
Bob Williams,Manager,5730
John Smith,Manager,9706
Alex Brown,Manager,5102
Bob Johnson,QA,1844
Bob Smith,QA,1585
David Smith,Developer,7148
Jane Brown,QA,2394
Alex Johnson,QA,3574
John Brown,QA,2905
Jane Davis,Developer,5610
David Smith,Manager,5965
Victoria Johnson,QA,1225
Emma Garcia,Manager,3871
Victoria Williams,QA,3861
Bob Smith,Manager,7869
Bob Davis,Developer,7092
Alice Smith,Manager,4362
Bob Jones,Manager,9888
Sarah Smith,Developer,4123
Alice Jones,Developer,6423
Victoria Johnson,Developer,4649
Bob Smith,Developer,4648
John Smith,Manager,2334
John Brown,QA,3893
Alice Miller,Developer,4002
John Jones,QA,2805
John Smith,QA,2919
Jane Miller,Manager,7567
Alice Davis,Developer,1707
Bob Garcia,QA,1105
Bob Davis,QA,1628
Victoria Garcia,Developer,7005
Alex Smith,QA,865
Sarah Jones,QA,3931
Victoria Garcia,Developer,5434
Victoria Miller,Manager,3958
Sarah Smith,Manager,7626
Victoria Smith,Manager,3241
Alex Johnson,Developer,5027
Emma Brown,QA,1267
Bob Miller,Manager,7866
Bob Davis,Manager,2236
John Garcia,QA,2480
Emma Jones,Manager,3079
Emma Brown,QA,1170
Sarah Williams,Manager,9752
Jane Davis,Developer,6044
John Johnson,QA,1669
Sarah Garcia,Developer,4720
Victoria Brown,QA,3831
Alex Johnson,Manager,7980
Bob Brown,Manager,5177
Emma Miller,Manager,3418
Alex Smith,Manager,7577
Alice Brown,Manager,5508
Alice Johnson,Manager,4953
Emma Williams,Manager,7136
Mike Smith,Developer,4869
John Smith,Manager,6943
David Brown,Manager,4755
Alex Miller,Manager,5377
Jane Brown,Developer,6591
Victoria Garcia,Developer,2880
David Davis,Manager,5899
John Johnson,QA,2431
Victoria Williams,Manager,9287
Jane Garcia,Developer,5215
Alice Williams,QA,2355
David Jones,Developer,2096
Jane Miller,Developer,4518
Victoria Miller,Manager,5342
Mike Johnson,QA,3328
Alex Jones,Developer,2195
John Johnson,Developer,6614
John Davis,QA,3996
Mike Williams,QA,2413
John Jones,Developer,7831
Jane Jones,QA,3948
Mike Jones,Developer,4322
Sarah Williams,Developer,2215
Sarah Johnson,QA,3951
John Jones,QA,2222
David Jones,QA,2814
Alice Garcia,Manager,9728
Bob Williams,Manager,3198
Mike Brown,Developer,2122
Bob Davis,Manager,2302
John Johnson,QA,3932
Bob Garcia,Developer,2258
Alice Williams,Manager,2269
Alice Williams,QA,3764
Alice Smith,Manager,8188
David Williams,QA,2988
Victoria Brown,QA,2357
Jane Garcia,Developer,4028
Alice Williams,Manager,9270
Mike Smith,QA,1789
Sarah Garcia,Developer,2353
David Garcia,QA,3370
Jane Williams,QA,1980
Jane Garcia,Manager,8862
Alex Davis,Developer,5474
Emma Smith,QA,1807
Bob Jones,Manager,5766
Mike Smith,Manager,2701
Emma Williams,QA,2087
David Miller,Developer,1508
Alice Williams,Manager,2268
Victoria Jones,QA,1368
David Brown,QA,3195
Alex Johnson,QA,1104
Jane Johnson,Manager,4484
Mike Brown,QA,2746
Alex Johnson,QA,1373
Bob Miller,Manager,7428
Sarah Williams,QA,893
David Garcia,QA,2351
Victoria Smith,QA,2758
Emma Jones,Developer,2824
John Brown,Manager,3375
Bob Garcia,Manager,2797
Sarah Johnson,QA,3090
Alex Smith,Developer,7833
Sarah Davis,Developer,1451
Emma Williams,Manager,9549
Bob Brown,QA,2443
Alex Jones,Developer,6902
John Garcia,Manager,9721
David Miller,QA,3589
Alice Jones,Manager,2427
John Garcia,Manager,3392
Mike Smith,Manager,8731
Emma Smith,Developer,4522
Jane Garcia,QA,1485
Sarah Jones,QA,2477
Mike Williams,Developer,1076
Victoria Johnson,QA,3480
Jane Smith,Developer,1732
Bob Johnson,QA,2923
David Johnson,Manager,6660
Mike Johnson,Developer,1175
Alex Brown,QA,2926
Emma Johnson,QA,3582
Victoria Garcia,QA,3323
John Garcia,QA,2777
Mike Davis,Developer,7743
Jane Jones,Manager,3151
Emma Williams,Developer,7526
Sarah Johnson,Manager,4592
Victoria Jones,Manager,3063
David Davis,Manager,8497
Victoria Smith,QA,2940
Alex Garcia,Developer,4139
Bob Brown,Manager,6034
Victoria Johnson,Manager,3928
David Williams,Manager,4120
Jane Brown,Developer,4953
Emma Williams,Manager,5859
Jane Smith,Manager,5512
Alex Johnson,Manager,5859
Bob Miller,Developer,6009
Mike Jones,QA,1954
John Johnson,Developer,1599
Alice Davis,Developer,2485
David Miller,QA,2377
Mike Jones,QA,1456
Mike Williams,Developer,6704
Alex Garcia,Manager,4948
Emma Smith,Developer,7766
John Miller,QA,1147
David Miller,Developer,5401
John Jones,Developer,6761
Alex Davis,QA,2160
Jane Miller,Manager,8561
Victoria Johnson,QA,1670
Alice Jones,QA,3697
Victoria Garcia,Manager,8741
Bob Williams,Developer,4917
Mike Davis,Developer,3324
Emma Miller,Manager,9126
David Brown,Manager,2250
Sarah Smith,QA,1794
Mike Johnson,QA,3055
Victoria Garcia,QA,3186
Sarah Brown,QA,3841
Mike Garcia,Manager,9194
John Williams,Manager,4587
Alex Williams,QA,3508
Bob Johnson,Developer,5201
Bob Williams,QA,1423
Alex Davis,Developer,2000
Sarah Smith,QA,1015
Mike Brown,Manager,7278
David Davis,QA,2400
Alex Brown,QA,3746
Alice Miller,Manager,6853
Emma Williams,QA,2560
Bob Johnson,Developer,7483
David Williams,Developer,1516
Emma Miller,Developer,1886
Alice Miller,Manager,4746
David Garcia,Manager,2757
Alex Garcia,Manager,9822
Emma Smith,QA,3269
Emma Smith,QA,3526
Bob Davis,Developer,4804
Alice Miller,Manager,4443
Alex Garcia,Developer,5557
Emma Brown,QA,3212
Alex Davis,Developer,4061
Alex Brown,Manager,2042
Jane Johnson,Developer,4622
John Davis,Developer,5640
Emma Brown,QA,2855
Bob Jones,QA,2903
Alex Davis,Developer,2968
Sarah Miller,Developer,7223
Mike Miller,Developer,3101
John Jones,Manager,3914
David Jones,Developer,4580
Alex Davis,Manager,2810
Alice Brown,Developer,3650
David Johnson,Developer,6316
John Williams,Manager,3698
David Williams,Manager,7435
Mike Smith,QA,1997
Emma Miller,QA,2612
David Garcia,QA,2236
Victoria Smith,QA,1536
John Johnson,Manager,5830
Jane Jones,QA,1133
Victoria Jones,Developer,7540
Alice Garcia,Manager,8206
Sarah Williams,Developer,1410
Alex Williams,Developer,6294
Alice Jones,Developer,3663
Victoria Smith,Developer,1262
Bob Miller,Developer,5449
John Garcia,Manager,6049
Mike Johnson,Manager,3502
Sarah Smith,Manager,6822
Bob Brown,Manager,6755
Bob Williams,Developer,7698
Sarah Davis,Manager,4852
Alice Smith,QA,2290
Emma Garcia,Developer,2865
Emma Johnson,Developer,3058
David Williams,Manager,9557
Victoria Smith,Developer,5372
Victoria Davis,Manager,6891
Alex Jones,Manager,3969
Alice Miller,QA,2698
Mike Miller,QA,2498
Victoria Davis,QA,1570
Jane Miller,Developer,2104
John Jones,QA,3179
Victoria Brown,Manager,7600
Emma Brown,QA,3326
Sarah Brown,Manager,6305
Bob Davis,Developer,6960
Bob Miller,Developer,1371
Jane Johnson,Manager,6153
Alice Davis,Developer,7268
John Smith,Developer,4467
Jane Johnson,Manager,4069
Jane Johnson,Manager,5867
Sarah Jones,Developer,6328
Sarah Smith,Manager,2302
Bob Jones,Developer,4745
Jane Brown,Manager,4426
David Johnson,Developer,3961
John Williams,Manager,3128
Alice Miller,QA,3398
Emma Brown,QA,1143
Bob Jones,QA,3828
Alice Jones,Manager,5432
Emma Williams,QA,2695
Emma Miller,Developer,2061
Sarah Miller,Manager,5145
Emma Garcia,QA,2907
Emma Johnson,Manager,2356
Emma Garcia,Manager,9564
Victoria Garcia,QA,3950
Mike Williams,QA,2824
Mike Smith,Developer,7227
Alice Miller,QA,1927
Victoria Garcia,QA,2745
David Williams,QA,1703
David Johnson,QA,2590
Alex Brown,QA,1505
Sarah Williams,Manager,5638
Jane Johnson,Developer,6414
John Garcia,Developer,6865
Bob Smith,Manager,2673
Victoria Johnson,Developer,2709
Jane Johnson,QA,1457
Alice Williams,Manager,6050
John Williams,Developer,1357
David Garcia,Developer,2727
Emma Williams,QA,1099
Alice Johnson,QA,1886
Mike Williams,QA,3773
Emma Jones,Developer,3586
Alice Brown,Manager,3838
Alice Garcia,Manager,7710
Victoria Miller,QA,3174
Sarah Jones,QA,3054
Jane Brown,QA,2830
Victoria Garcia,QA,2967
Bob Brown,Manager,7552
Sarah Jones,QA,1176
Alice Miller,Manager,8658
David Brown,Manager,6426
Mike Williams,QA,3155
Alex Davis,Manager,9013
Alice Jones,Developer,1389
Alex Jones,QA,2599
Sarah Miller,Manager,5543
Mike Miller,Manager,7187
Victoria Miller,Manager,5239
Sarah Johnson,Manager,8990
Sarah Davis,Manager,3145
Sarah Davis,Developer,4250
Bob Garcia,Developer,2914
Bob Johnson,Manager,7270
David Miller,Developer,7647
John Jones,QA,2600
Emma Jones,Manager,7603
Alice Miller,Manager,5352
Victoria Davis,QA,1072
Emma Jones,QA,1332
Alex Smith,Developer,6726
Jane Miller,QA,3509
John Miller,Manager,3631
David Brown,Developer,6809
Mike Williams,Manager,9769
Sarah Brown,QA,1473
Emma Miller,Developer,1502
Bob Williams,Developer,1962
Bob Brown,QA,2195
Alice Miller,Developer,2093
Jane Brown,Manager,9817
Sarah Johnson,QA,1758
Alex Garcia,Developer,6618
John Williams,Manager,9276
Emma Davis,Developer,5458
Alice Johnson,QA,1288
Alice Davis,Manager,3632
Sarah Williams,Developer,3214
Jane Johnson,Developer,1629
Alex Davis,QA,3897
John Brown,Developer,6578
Sarah Williams,Manager,9071
Jane Jones,QA,911
Sarah Garcia,QA,1922
David Garcia,Manager,8626
Jane Miller,Manager,7062
Alex Johnson,QA,819
Sarah Williams,Developer,7828
Alice Jones,Developer,1794
Alex Johnson,QA,1292
Jane Garcia,Developer,7695
Emma Johnson,Developer,3246
Victoria Jones,Manager,7216
Alice Smith,Manager,2199
Victoria Jones,Developer,7846
Mike Garcia,QA,2655
Bob Miller,QA,2084
Mike Garcia,QA,2663
John Smith,Developer,3751
Mike Smith,Developer,6690
Victoria Williams,Developer,5870
Bob Jones,Developer,2193
David Jones,Manager,7372
Sarah Jones,Developer,5380
Bob Jones,Manager,2508
Mike Davis,Manager,4546
Bob Miller,Manager,9332
Alice Smith,Developer,5077
Alice Garcia,Developer,4755
Emma Brown,Manager,2732
David Garcia,Developer,6343
Mike Miller,Developer,1517
John Miller,Developer,4694
Mike Williams,Developer,5262
Jane Garcia,QA,2902
Mike Davis,Manager,7555
John Smith,Developer,6186
Bob Davis,Developer,7426
David Miller,Manager,5086
Victoria Garcia,QA,925
Emma Garcia,Manager,2387
Bob Smith,Developer,6718
Sarah Smith,Manager,3434
Bob Davis,Developer,6904
Alex Brown,QA,2766
Bob Davis,Developer,1208
Sarah Williams,Manager,2020
John Smith,Developer,6282
Bob Jones,QA,3082
Emma Brown,Manager,9469
Alex Johnson,Developer,7458
John Smith,Developer,3150
John Jones,Developer,1583
Jane Jones,Manager,2547
John Miller,Manager,9162
Sarah Williams,Developer,4724
Alex Jones,Developer,7852
Sarah Brown,Developer,4456
John Miller,QA,1308
Victoria Miller,Manager,3086
Alice Miller,QA,3580
Jane Jones,QA,3565
Mike Garcia,Manager,8100
Bob Jones,QA,2922
Bob Brown,Manager,4770
Mike Williams,Manager,2605
Alex Johnson,Manager,5785
Alice Johnson,Developer,7559
Victoria Garcia,Developer,3923
David Brown,Developer,6343
Alice Johnson,Manager,4546
Sarah Garcia,Developer,7559
Sarah Brown,Manager,4854
Alex Brown,QA,2514
Emma Williams,QA,3720
Emma Smith,Developer,6161
John Smith,Developer,7210
Sarah Brown,Manager,5482
Emma Jones,Manager,8294
Emma Garcia,QA,3635
John Miller,Manager,2587
Mike Williams,QA,3217
John Jones,Manager,8692
Bob Miller,QA,2530
Mike Brown,Manager,8504
Alex Smith,QA,3359
Sarah Jones,Developer,1719
Sarah Brown,Manager,7700
Sarah Brown,QA,3694
Sarah Miller,QA,962
Emma Miller,QA,3238
John Garcia,Developer,4180
Victoria Smith,QA,3317
Victoria Garcia,QA,1677
Bob Williams,Developer,7906
David Smith,Manager,6020
Victoria Davis,Manager,6290
Alice Garcia,QA,3645
Alex Garcia,Manager,4515
John Garcia,QA,3406
Victoria Garcia,Developer,2780
Alice Brown,Manager,7239
Alex Williams,QA,855
Alex Brown,Manager,9273
Alice Davis,Manager,3387
David Smith,Developer,4681
Sarah Miller,Developer,3158
Mike Garcia,Manager,5431
Sarah Miller,Manager,2915
Bob Davis,Manager,3317
David Smith,Manager,6934
Emma Garcia,Developer,3655
Alice Smith,QA,1090
Emma Davis,Developer,5760
Emma Smith,Manager,4996
Alice Brown,QA,2899
Mike Miller,QA,2335
Emma Miller,Developer,7964
Alex Brown,Manager,3298
Alice Davis,Manager,3777
Emma Smith,QA,986
David Smith,QA,815
David Brown,Manager,6847
Bob Brown,QA,2805
Mike Davis,Developer,1657
David Davis,Manager,6499
Alex Johnson,Developer,1648
Alice Jones,QA,1481
David Jones,Manager,6400
Sarah Davis,Manager,7173
Alice Johnson,Manager,3517
Mike Williams,Developer,6529
John Smith,Manager,4368
Alex Jones,Developer,1894
Alex Smith,Manager,7326
Alex Williams,Manager,6790
Alice Brown,QA,1949
Alice Davis,Developer,2448
John Smith,QA,3257
Alice Brown,Manager,5352
Bob Miller,Manager,2116
David Williams,Manager,5571
Mike Johnson,Manager,5390
Bob Davis,QA,1364
Alice Williams,QA,1671
Victoria Williams,Developer,5237
Alice Brown,Manager,4747
Alice Smith,Developer,5474
Alex Miller,QA,1050
Bob Jones,QA,1583
Alex Williams,Manager,2773
Alex Jones,Developer,7188
Mike Williams,Developer,6461
Victoria Brown,Developer,7444
Bob Garcia,QA,3255
Bob Smith,QA,1611
David Johnson,QA,1807
Mike Smith,Manager,8767
Emma Garcia,Developer,4277
Jane Garcia,Manager,8521
Bob Davis,QA,1617
Bob Williams,QA,1594
Mike Davis,QA,1637
Alex Williams,QA,3536
Emma Jones,QA,1119
Bob Davis,QA,2384
Sarah Brown,Developer,1111
Emma Brown,QA,2548
Jane Johnson,Developer,5675
Sarah Jones,Manager,7971
Bob Johnson,Manager,6539
Jane Williams,QA,2627
Sarah Johnson,QA,1347
Sarah Johnson,Developer,2428
Sarah Davis,QA,1500
Jane Garcia,Developer,7808
Sarah Davis,Manager,7035
Victoria Williams,QA,3852
John Brown,Developer,3327
Bob Smith,Manager,6788
Victoria Davis,Manager,6806
Alice Johnson,QA,2955
Victoria Miller,Manager,7505
David Brown,Manager,2176
Mike Brown,QA,3130
Victoria Davis,QA,2318
Victoria Williams,QA,2897
Mike Davis,QA,1488
Alex Davis,QA,2603
Jane Garcia,Manager,2341
Jane Miller,QA,3116
Alice Davis,QA,3671
Alex Garcia,Developer,7020
David Miller,QA,1834
Emma Jones,Manager,6997
David Johnson,QA,3151
Emma Garcia,QA,1427
Bob Williams,Developer,5090
Jane Smith,QA,1741
Bob Miller,Developer,4653
John Jones,Manager,6965
John Jones,Manager,5100
Sarah Williams,Manager,7067
Alex Johnson,Manager,9808
Bob Brown,QA,3697
John Miller,QA,3682
David Johnson,QA,2855
Emma Miller,QA,2304
John Davis,Developer,1390
Sarah Johnson,Developer,3326
Jane Miller,Manager,7460
Alex Jones,Developer,1251
Bob Garcia,QA,1136
Jane Brown,QA,2011
Alice Garcia,Developer,7774
Alice Johnson,Developer,7326
Emma Brown,QA,1199
John Jones,Developer,2017
Emma Johnson,Developer,7637
Alex Smith,Manager,3842
Alex Johnson,Manager,3043
Alex Williams,Developer,4068
John Williams,Manager,3757
Mike Smith,Manager,4941
John Davis,Developer,1354
Emma Miller,QA,2651
David Williams,QA,1152
Emma Brown,Manager,9280
Jane Brown,QA,1840
David Garcia,Manager,8828
Alice Jones,QA,930
Emma Davis,Developer,4974
Alice Brown,Manager,6095
Sarah Miller,Developer,3481
David Smith,Manager,8824
Alex Jones,QA,2090
Sarah Garcia,Developer,1430
Victoria Davis,QA,3861
Jane Miller,QA,829
Emma Garcia,QA,1485
Jane Davis,Manager,5934
Alex Williams,QA,932
Alex Williams,QA,1965
Victoria Garcia,Manager,9657
Victoria Williams,Manager,5931
Alice Miller,Developer,2092
Victoria Smith,Developer,3897
Sarah Miller,Developer,5219
David Smith,Manager,3763
Bob Williams,QA,1022
Emma Smith,Developer,6404
Alice Davis,Manager,3719
David Brown,Manager,7744
David Williams,Manager,6793
Victoria Williams,QA,3181
Victoria Brown,Manager,6659
Victoria Davis,QA,3121
Victoria Jones,Manager,2284
Jane Jones,QA,2357
Victoria Smith,QA,1007
Sarah Smith,QA,2013
Bob Williams,Developer,3544
Mike Davis,Manager,2999
Sarah Smith,Manager,8264
Alice Smith,Manager,9046
David Garcia,QA,1487
Jane Miller,Developer,3960
Alice Johnson,QA,2642
David Smith,QA,3382
Alice Brown,Developer,6964
John Williams,Manager,6290
Alice Johnson,Manager,3815
Victoria Jones,Manager,6546
Jane Garcia,Developer,4637
John Johnson,Manager,6872
Jane Johnson,QA,3025
Emma Brown,Developer,4646
Sarah Brown,Developer,4463
Alice Smith,Developer,4553
David Miller,Developer,6892
Jane Smith,Manager,3930
Alice Johnson,Manager,8824
Mike Johnson,Developer,5202
Mike Garcia,Manager,9962
Victoria Garcia,QA,2790
Jane Davis,Manager,9354
Victoria Brown,Manager,4583
Alice Williams,QA,865
John Smith,Manager,7778
Bob Garcia,QA,2517
David Miller,QA,2911
David Garcia,Developer,3935
David Smith,Developer,2634
Alex Miller,Manager,3765
John Miller,QA,917
Sarah Miller,QA,1316
Alice Garcia,Manager,9574
Emma Miller,Developer,3263
Alex Garcia,Manager,6330
Mike Davis,Developer,1815
Bob Jones,QA,3664
Emma Smith,Manager,7919
Victoria Jones,Manager,5199
Alice Davis,Manager,4421
Mike Jones,QA,2428
Jane Smith,Manager,3978
Emma Davis,QA,1039
Victoria Johnson,QA,1595
Jane Johnson,Manager,3246
Mike Davis,Manager,5201
Alex Miller,Developer,6083
Bob Jones,QA,3365
Victoria Brown,Developer,7340
Alice Smith,Manager,5395
Mike Garcia,QA,2063
Mike Brown,Manager,2701
David Brown,Developer,3201
Victoria Miller,Manager,3538
David Johnson,QA,3421
Emma Miller,Developer,1262
Jane Davis,Manager,3240
Jane Brown,Manager,7399
Alice Williams,QA,3276
Alice Garcia,Manager,6574
Sarah Garcia,QA,3335
Jane Davis,QA,2463
Alex Johnson,Developer,4384
Sarah Davis,Developer,5520
John Davis,Manager,8950
Alice Davis,Developer,2218
Sarah Jones,Manager,4449
Sarah Jones,Manager,6313
Alice Jones,Developer,1278
Alex Miller,Manager,5084
Alex Miller,Developer,5126
Alex Brown,Manager,4290
Victoria Johnson,QA,834
Bob Smith,Manager,5035
Emma Smith,Developer,1963
Jane Jones,Developer,6790
Jane Johnson,QA,2641
Bob Johnson,Manager,7210
Alex Miller,QA,1263
Jane Williams,Developer,7135
John Johnson,Manager,3240
John Miller,QA,1302
Bob Davis,QA,2166
Jane Miller,QA,1162
Emma Jones,QA,1983
Victoria Brown,QA,2282
Emma Brown,Manager,7115
John Johnson,QA,2479
Sarah Brown,QA,1140
Sarah Johnson,Developer,1809
Alex Brown,Developer,3972
Jane Williams,Developer,6948
John Brown,Developer,4807
Jane Miller,Developer,1595
Victoria Garcia,Manager,7595
Alice Johnson,Developer,7912
Jane Jones,Developer,4786
David Miller,Developer,6493
Bob Williams,Manager,7343
Alex Davis,QA,2298
John Brown,Manager,2132
Jane Smith,Developer,4597
Alice Miller,Developer,4726
Sarah Miller,QA,1584
John Williams,Manager,8631
Jane Davis,QA,2775
Alex Garcia,Developer,1321
Alice Smith,Manager,5418
Alex Garcia,QA,2792
John Johnson,Developer,3624
John Miller,QA,3857
Sarah Davis,QA,1650
Alex Miller,Developer,1227
Jane Jones,Developer,6674
Mike Davis,Manager,9725
Victoria Brown,Manager,5080
Bob Johnson,QA,2500
Mike Jones,QA,1080
Sarah Miller,Manager,8615
Sarah Williams,QA,2663
Victoria Johnson,QA,3488
Alice Davis,Manager,7015
Mike Jones,Developer,7734
Mike Davis,Manager,7413
Bob Davis,QA,3565
Jane Johnson,QA,1321
Emma Johnson,Manager,6471
Alice Johnson,Manager,5021
David Jones,Developer,3466
David Johnson,Developer,3202
John Williams,Developer,7165
Alice Miller,QA,2602
Alice Garcia,Developer,2443
Bob Garcia,Manager,3299
David Johnson,Manager,3794
Alex Smith,QA,1735
Victoria Smith,Manager,3303
John Williams,Manager,7831
Alex Miller,QA,1661
Emma Johnson,QA,1523
John Williams,QA,1849
Mike Williams,Manager,3035
Sarah Garcia,Manager,2357
Alice Williams,QA,3312
Alice Jones,Developer,2633
Bob Brown,Manager,3756
Bob Miller,QA,3029
Emma Williams,QA,1476
Victoria Johnson,QA,3420
Victoria Miller,Manager,2972
Bob Jones,Developer,4157
Jane Smith,Developer,3119
Victoria Williams,Developer,1586
Alice Jones,Developer,6927
Alex Davis,Developer,2836
Bob Johnson,QA,3564
Mike Jones,Developer,7859
Alice Garcia,Developer,4509
Victoria Jones,Developer,2317
Alex Davis,QA,3852
Alice Smith,Manager,2280
Alex Garcia,QA,1592
Emma Garcia,QA,1168
David Garcia,Developer,7126
Sarah Jones,Developer,2317
Alice Williams,QA,1760
Victoria Smith,Manager,4878
Victoria Miller,Manager,9066
David Garcia,Developer,6119
Victoria Johnson,Developer,1875
Jane Davis,Developer,4609
Bob Johnson,QA,3791
Mike Brown,Manager,4404
John Jones,QA,3142
Bob Garcia,Manager,3785
David Jones,QA,2874
John Jones,Developer,4914
David Garcia,Manager,2810
Emma Jones,Developer,5047
Mike Brown,Manager,3315
Victoria Johnson,QA,3259
Alice Williams,Developer,5047
Emma Miller,Developer,6816
David Jones,Developer,1558
Mike Miller,Developer,6129
Bob Williams,QA,1769
Sarah Garcia,Manager,7013
Mike Garcia,Manager,5366
Alice Garcia,Developer,1744
Emma Davis,QA,2509
David Smith,Manager,5069
David Williams,Manager,3404
Emma Garcia,Manager,5557
David Miller,Manager,5006
Victoria Williams,Developer,7122
Jane Garcia,Developer,5505
John Johnson,QA,1546
Alex Davis,QA,2866
Sarah Jones,QA,2497
Alice Miller,Developer,2254
Sarah Miller,QA,3484
Mike Brown,Manager,7621
Sarah Miller,Developer,5960
Alice Davis,QA,877
John Brown,Developer,6980
Alice Brown,Developer,2451
Mike Johnson,Developer,6917
Jane Williams,Manager,3870
David Davis,Developer,4508
Alice Smith,Developer,4669
Victoria Brown,Developer,3969
Alice Johnson,Developer,6541
John Williams,QA,3671
Bob Smith,QA,1075
Sarah Williams,Developer,5461
Jane Garcia,Developer,3167
Bob Johnson,Developer,4520
John Miller,Developer,1781
Emma Jones,Developer,6615
John Johnson,Manager,2371
Bob Miller,Developer,4120
Sarah Smith,Manager,5812
David Smith,Manager,2921
Emma Jones,Manager,6196
Sarah Brown,QA,1032
Emma Brown,Manager,8704
Emma Jones,Developer,3497
Alex Smith,QA,1381
John Smith,Developer,3308
Alex Brown,Manager,4517
Alex Davis,Developer,7638
Alex Brown,Developer,5865
David Davis,Manager,7100
Emma Brown,Developer,1610
Emma Garcia,Developer,7424
Victoria Williams,QA,2183
David Johnson,Manager,6485
Bob Jones,QA,1463
Victoria Davis,QA,2849
David Miller,Manager,8419
Emma Williams,QA,2291
Alex Garcia,Manager,6838
Alice Jones,Developer,3065
Emma Jones,Manager,8590
David Smith,Manager,3051
Sarah Davis,Developer,3517
Sarah Brown,Manager,3455
John Williams,Manager,4164
Sarah Miller,QA,3603
Sarah Jones,Manager,8146
Sarah Johnson,Developer,4624
Victoria Miller,Developer,1094
John Jones,Developer,4840
Alex Smith,Manager,2654
John Johnson,Developer,2379
Sarah Williams,Manager,9054
Mike Davis,Developer,5227
Victoria Miller,QA,1784
Jane Smith,Developer,4194
Mike Jones,Developer,3289
Jane Garcia,QA,2565
Mike Jones,Manager,5914
Sarah Jones,Developer,4804
Bob Williams,Developer,5472
Emma Smith,Developer,3254
Mike Jones,QA,2499
Victoria Brown,Developer,4060
Alex Brown,Developer,2661
Jane Jones,Developer,1672
David Williams,Developer,7952
Sarah Williams,Manager,3636
Emma Miller,Manager,5539
Victoria Johnson,Developer,7272
Sarah Johnson,QA,3479
Victoria Johnson,Manager,5572
Sarah Garcia,QA,2805
Jane Smith,Manager,7137
Mike Garcia,QA,2314
David Smith,QA,3304
Victoria Brown,Manager,6094
Alex Williams,Manager,2047
David Johnson,QA,2219
Alex Williams,Manager,6160
Sarah Davis,QA,850
Alice Smith,QA,2047
Mike Jones,QA,1769
David Miller,QA,2970
Bob Garcia,Manager,4302
John Jones,QA,1319
Victoria Davis,Manager,2694
Alex Miller,Manager,4900
Victoria Johnson,Developer,5980
Mike Davis,Developer,3006
Emma Johnson,QA,1575
Mike Williams,Manager,3871
Alice Jones,QA,911
Bob Johnson,Manager,4233
Alice Smith,Manager,3076
David Johnson,QA,2916
Jane Smith,QA,3734
Sarah Johnson,Developer,3452
Alice Jones,Manager,4379
Emma Johnson,Manager,9457
Emma Williams,Developer,7855
Mike Brown,QA,1861
Sarah Johnson,Manager,4719
Jane Brown,Manager,8895
Alex Miller,Manager,5546
Bob Jones,QA,3431
David Garcia,QA,1522
David Brown,Manager,7490
Alex Brown,Manager,2109
David Davis,Developer,4970
Victoria Johnson,Manager,8103
Emma Jones,QA,2269
Victoria Miller,Manager,2235
Victoria Brown,QA,1826
Alice Garcia,Manager,3472
Bob Williams,Developer,5034
Jane Johnson,Developer,2165
Victoria Brown,Developer,5810
Alice Brown,Developer,5906
Bob Davis,Developer,2970
Alice Johnson,Manager,7455
Sarah Williams,Developer,2228
David Garcia,Developer,5678
Mike Miller,Developer,3179
Victoria Brown,Developer,2946
John Smith,Developer,2052
David Davis,QA,1147
John Miller,Manager,2941
Alex Miller,Developer,7865
John Smith,Manager,9190
David Garcia,QA,3006
Jane Miller,Manager,6390
John Miller,Developer,1694
Emma Garcia,QA,974
John Williams,QA,1467
Victoria Davis,Developer,4632
John Brown,Developer,3312
John Smith,QA,3012
Bob Smith,Developer,7056
David Brown,QA,860
Alex Williams,QA,2813
John Smith,QA,2472
Mike Brown,QA,3773
David Davis,Manager,4007
Alex Garcia,Manager,7620
Alice Johnson,QA,997
Sarah Johnson,Manager,7285
David Garcia,Developer,6140
Victoria Williams,Manager,8837
David Williams,Developer,4215
Sarah Williams,Developer,1790
Bob Jones,QA,3578
Alice Williams,QA,1832
Alex Garcia,QA,1663
Emma Garcia,Manager,2994
David Johnson,Developer,3096
Jane Johnson,Developer,7556
Emma Garcia,Manager,8084
Victoria Davis,Manager,2907
Alice Brown,Manager,8405
David Johnson,Manager,9404
John Miller,Developer,3628
Sarah Jones,QA,2848
Sarah Garcia,Manager,4985
Sarah Williams,QA,2287
Jane Williams,QA,2337
Sarah Jones,Developer,3286
Alex Jones,Developer,1312
Alice Smith,Manager,5607
David Garcia,QA,2152
Victoria Johnson,QA,1731
Emma Jones,QA,3036
John Brown,Manager,2470
John Davis,QA,1659
Mike Smith,Manager,4217
Mike Miller,QA,1508
Bob Johnson,Developer,4824
Alice Williams,QA,3913
Victoria Johnson,QA,2884
Alex Smith,Developer,5194
Alice Smith,QA,1524
David Johnson,Developer,5521
Mike Brown,QA,3981
Alice Johnson,QA,2856
Bob Garcia,Manager,3495
John Davis,QA,1955
Emma Smith,QA,3932
Victoria Garcia,Developer,2647
David Brown,Manager,9861
John Davis,Developer,4271
David Johnson,QA,1872
Alex Davis,Manager,5344
John Johnson,QA,2316
Victoria Jones,Manager,8473
Alice Miller,QA,1536
John Smith,Developer,2033
Emma Smith,QA,2832
Emma Johnson,QA,3631
David Davis,QA,1442
Alex Smith,Developer,1556
Mike Johnson,QA,1462
Mike Williams,QA,1537
Mike Garcia,Developer,1546
David Jones,Developer,4624
Victoria Brown,Manager,5173
David Davis,QA,1113
Mike Williams,Developer,2150
Alice Brown,QA,3912
Jane Johnson,Manager,2270
Mike Davis,QA,1046
David Davis,Manager,7691
Alex Smith,Manager,2416
Mike Johnson,QA,898
Mike Johnson,Developer,2197
Jane Davis,QA,2042
Bob Garcia,QA,3742
Jane Williams,Developer,2559
Victoria Davis,QA,3136
Victoria Garcia,Manager,7085
Victoria Davis,Manager,3662
Sarah Brown,Developer,1166
David Smith,Manager,9345
Mike Davis,Manager,4283
Mike Smith,Developer,3887
Emma Brown,Developer,6341
Mike Miller,QA,1937
Emma Brown,Developer,4989
Mike Miller,QA,1209
Emma Williams,QA,3299
Sarah Smith,Manager,7908
Sarah Smith,QA,2374
Alex Smith,QA,3708
John Davis,QA,2309
Mike Williams,Developer,5841
John Garcia,Developer,3069
Emma Garcia,QA,2120
Sarah Garcia,Manager,3561
Alice Davis,QA,1096
John Johnson,QA,2405
Emma Garcia,Manager,8399
David Garcia,QA,1880
Bob Miller,Manager,7920
John Johnson,QA,3332
Alice Davis,Developer,4877
Bob Jones,QA,1987
Alex Johnson,Developer,5935
Jane Garcia,Developer,1840
Emma Davis,Manager,7571
David Jones,Manager,8364
Alex Smith,Manager,5108
Mike Garcia,Developer,5457
Jane Davis,Developer,3486
Mike Johnson,QA,2868
Mike Smith,QA,2596
David Davis,Manager,5351
Bob Davis,QA,1018
Jane Williams,Developer,2460
Emma Davis,QA,2320
David Williams,Manager,7163
David Davis,Manager,3252
Sarah Miller,QA,2476
Emma Smith,Manager,8244
David Davis,Manager,9663
Mike Jones,QA,2125
Emma Davis,QA,3120
Emma Garcia,Developer,1203
Jane Garcia,Developer,5020
John Davis,QA,1837
Alice Davis,Developer,5070
Alice Johnson,Manager,6246
Jane Jones,Developer,1046
John Brown,QA,3185
Jane Williams,Developer,1183
Alice Johnson,Developer,6778
Alice Johnson,Manager,6334
Bob Johnson,QA,3793
Bob Brown,Manager,8220
Jane Davis,Manager,8055
Alex Jones,Manager,5946
Alex Garcia,Developer,3282
David Davis,Developer,2514
Bob Williams,QA,1095
Sarah Miller,Manager,3275
Jane Williams,QA,3536
Mike Garcia,Manager,3669
Jane Garcia,Manager,6419
John Brown,QA,2120
Alice Davis,Manager,5955
Bob Miller,Manager,5437
David Williams,Manager,7434
Sarah Miller,Manager,5876
John Garcia,Developer,5569
John Davis,QA,2530
Victoria Johnson,Manager,5776
Mike Jones,QA,1000
John Miller,Manager,3481
David Williams,QA,2633
Bob Smith,QA,3025
Sarah Williams,Developer,4977
David Smith,QA,3602
Jane Jones,Manager,4218
John Johnson,Developer,5099
Mike Johnson,Manager,5914
Victoria Williams,Developer,2216
John Smith,QA,3386
Alice Johnson,Developer,1837
John Garcia,QA,3712
Jane Davis,QA,2578
John Jones,QA,3125
Jane Williams,Manager,8117
Mike Davis,Developer,3235
David Jones,Manager,8307
Alice Johnson,QA,3357
Sarah Brown,Developer,2464
Mike Jones,Developer,3471
Bob Jones,Manager,4040
Sarah Johnson,QA,1388
John Jones,QA,2527
Alex Smith,Developer,6308
John Jones,QA,3287
Alice Brown,Manager,8460
Emma Jones,QA,1634
Victoria Brown,Developer,3633
John Jones,Manager,8647
Victoria Davis,Developer,3005
Alice Jones,Manager,4741
John Williams,Developer,2381
Bob Johnson,Developer,1884
Alice Jones,QA,1350
Sarah Davis,Manager,2838
Victoria Garcia,Manager,8659
John Davis,Developer,1769
Jane Garcia,QA,3439
Alice Garcia,Manager,7526
Emma Smith,QA,3141
Sarah Garcia,Manager,8944
Alex Miller,QA,3447
Alex Miller,QA,1975
Sarah Williams,Manager,7651
David Johnson,QA,2309
Bob Jones,Developer,2759
Jane Johnson,QA,2019
Victoria Garcia,Manager,7773
Alex Smith,Developer,6553
Sarah Johnson,Manager,2983
Alice Davis,Manager,2094
Jane Miller,QA,1266
Alex Williams,QA,3472
Sarah Johnson,Developer,2287
Victoria Johnson,QA,1315
John Smith,Manager,6380
Jane Davis,QA,2949
Bob Jones,QA,2696
David Smith,Manager,7011
Alex Smith,QA,3121
Mike Williams,Manager,9529
David Jones,QA,1118
David Johnson,Manager,7492
Mike Brown,Developer,2884
David Davis,QA,3712
David Garcia,Developer,4424
Bob Smith,Developer,3565
Alice Williams,Developer,7175
Bob Miller,Manager,2781
Alice Jones,Manager,3252
Alice Davis,Developer,6279
Emma Miller,Developer,1598
Victoria Johnson,Manager,8620
Alice Brown,Manager,7302
Jane Smith,Developer,5916
Victoria Davis,Manager,7909
Emma Williams,Manager,3335
Bob Davis,Manager,4341
Alice Jones,Developer,5509
John Johnson,Developer,4654
Jane Miller,Developer,5775
Emma Garcia,Developer,7730
Alex Johnson,Manager,7262
Emma Brown,Manager,6030
Mike Davis,Developer,2492
David Miller,Developer,7009
Mike Smith,Developer,2719
Sarah Jones,QA,1996
Emma Miller,Manager,3511
Victoria Williams,Developer,7037
Alice Williams,QA,3977
Alice Brown,QA,1486
Mike Brown,Manager,4228
Victoria Johnson,Developer,7939
Sarah Smith,Manager,6600
Jane Davis,Developer,1522
Sarah Smith,QA,1129
Sarah Brown,Manager,8399
Emma Smith,Manager,6025
Emma Garcia,Developer,3076
Mike Jones,Developer,6165
Mike Williams,Manager,7079
Sarah Davis,Developer,1710
Bob Brown,QA,1331
John Brown,Developer,1423
Alex Miller,QA,2976
Jane Jones,Developer,3124
Alex Williams,Developer,6109
Alice Davis,Developer,2388
Emma Brown,QA,2916
David Smith,Manager,2868
Jane Miller,QA,3288
John Johnson,Developer,7609
Emma Garcia,QA,3330
Bob Smith,QA,1204
Mike Williams,Developer,7792
Bob Jones,QA,2207
Bob Williams,QA,2545
Alice Smith,Manager,5992
Victoria Garcia,Manager,5833
Emma Williams,QA,1224
Victoria Jones,Manager,3696
David Williams,Manager,6417
John Jones,QA,3439
David Brown,Manager,9419
John Jones,QA,3730
Alice Jones,Manager,5555
Mike Garcia,QA,2401
Emma Johnson,Manager,2717
Victoria Jones,QA,3947
Victoria Johnson,QA,994
David Miller,QA,1758
Sarah Johnson,QA,2398
David Brown,QA,3140
Bob Davis,QA,1938
Victoria Johnson,Developer,5865
Sarah Smith,Developer,3313
John Garcia,Developer,3120
Alex Garcia,Manager,9878
Bob Davis,QA,1092
Emma Williams,Manager,6052
Alex Davis,Manager,5164
Alex Brown,Manager,3131
Emma Jones,QA,2607
Alex Brown,Developer,1794
Emma Davis,Manager,9241
John Davis,Developer,7194
Bob Smith,Developer,1221
Emma Davis,Developer,7861
Emma Miller,Manager,6858
Jane Williams,QA,1648
Sarah Brown,Developer,6847
Sarah Smith,Developer,4238
Bob Smith,Manager,9493
Bob Davis,Developer,6882
Sarah Jones,Manager,6470
David Garcia,Manager,5880
Jane Smith,Developer,4693
Sarah Jones,QA,2980
Sarah Brown,Manager,2927
Mike Garcia,Manager,2599
John Davis,Manager,3393
Alex Davis,Manager,2126
Jane Miller,QA,3521
Alice Smith,Developer,5671
Emma Davis,Developer,4216
Bob Davis,Developer,4696
Alex Williams,QA,3334
John Williams,QA,2114
Emma Smith,QA,1856
Alex Johnson,Manager,2986
Alex Garcia,Developer,7614
Sarah Jones,Manager,4119
David Garcia,Manager,7106
Victoria Jones,QA,1035
Mike Miller,QA,1906
Emma Garcia,QA,3115
Sarah Davis,Manager,7268
Alice Brown,QA,2355
Mike Jones,QA,2396
Bob Brown,QA,3836
Alice Johnson,Developer,7230
Victoria Williams,QA,2192
Mike Johnson,QA,2721
Emma Davis,QA,986
John Jones,QA,2885
Alice Miller,Developer,4767
Alex Jones,QA,2948
John Williams,Developer,4480
Mike Williams,Developer,5848
Alice Miller,QA,984
Mike Smith,Developer,5592
Mike Miller,Developer,3101
Jane Jones,QA,2256
Alex Smith,QA,1133
Alex Williams,Manager,6454
Alex Brown,Developer,6732
Jane Brown,QA,1608
Jane Smith,Developer,6570
John Smith,QA,1936
Bob Johnson,QA,3282
Emma Brown,Developer,5578
Victoria Williams,QA,1182
Alex Davis,QA,3634
Sarah Williams,Manager,8535
Alice Jones,Manager,8537
Alex Johnson,Developer,7347
Jane Jones,QA,1705
Mike Brown,Manager,5039
Alice Williams,Manager,3863
Alex Brown,Manager,5160
Bob Williams,Developer,5626
John Garcia,Manager,6328
John Miller,QA,2063
David Garcia,QA,1538
John Davis,Developer,3881
Alex Jones,Developer,4824
David Jones,Developer,4817
David Davis,QA,3830
John Brown,Manager,7816
Sarah Johnson,Manager,5636
John Brown,Developer,3530
Bob Brown,Developer,6841
Bob Smith,QA,2575
Mike Jones,Developer,6303
Jane Williams,QA,3913
Bob Jones,Manager,7981
Alex Garcia,QA,3230
Bob Davis,Developer,4124
John Miller,QA,1199
Alex Smith,QA,2544
Sarah Smith,Developer,6693
Jane Jones,QA,3896
Victoria Davis,Manager,7684
Jane Smith,Developer,3178
Emma Miller,Developer,4956
Bob Smith,Developer,5276
Bob Garcia,QA,3144
John Brown,Manager,9289
John Miller,Developer,1250
Mike Smith,Manager,5184
Emma Williams,QA,3849
Victoria Davis,Manager,7889
Sarah Williams,Developer,2561
Mike Jones,QA,3611
Jane Smith,Developer,1616
Alice Davis,Manager,2505
Sarah Williams,Manager,7396
Victoria Brown,Developer,2855
Jane Johnson,Manager,7301
Alex Davis,QA,3410
Mike Garcia,Developer,3796
Emma Miller,Developer,4841
Alice Williams,Developer,3008
Alex Garcia,Developer,2697
John Davis,Manager,7513
Alex Miller,Manager,2641
John Jones,Manager,2776
David Garcia,Manager,3666
Jane Garcia,Manager,8098
David Smith,Developer,7975
Jane Smith,Developer,5183
Emma Williams,QA,3981
John Garcia,QA,3334
Alex Smith,Manager,8493
John Smith,Manager,7499
Alice Johnson,Manager,2839
Jane Garcia,Developer,7404
Alice Jones,Manager,8452
Sarah Smith,Developer,6858
Sarah Jones,QA,3928
Emma Williams,Developer,3652
Bob Williams,Manager,4242
Alex Miller,QA,2674
David Brown,Developer,1044
Bob Smith,Developer,2473
Sarah Johnson,Manager,7332
John Jones,Developer,2482
Alex Garcia,QA,3790
Sarah Johnson,QA,1293
Alice Miller,QA,3004
John Davis,Manager,8539
Alice Brown,Manager,4881
Sarah Johnson,Developer,2518
Mike Brown,Manager,6332
Emma Smith,Developer,2902
Emma Garcia,QA,3897
Sarah Williams,Manager,8264
David Johnson,Developer,2923
Alice Jones,Developer,5006
Victoria Williams,Manager,2235
Jane Brown,QA,1214
Victoria Jones,Manager,8538
John Johnson,QA,1815
John Jones,QA,2021
Jane Jones,Manager,8952
Alex Davis,Manager,5797
Sarah Davis,QA,1988
John Smith,QA,1312
Alex Johnson,Manager,7135
Alex Garcia,QA,824
Mike Brown,Developer,1324
Sarah Smith,Manager,7974
Alice Smith,Developer,4281
Alex Smith,QA,2582
Jane Garcia,Manager,6061
Alice Davis,QA,1768
Sarah Miller,Manager,8480
Sarah Davis,Developer,2565
Jane Miller,QA,1000
Bob Garcia,QA,3614
Emma Jones,Developer,6528
Bob Johnson,Manager,4078
Victoria Williams,QA,1177
Victoria Smith,Manager,5813
Emma Brown,QA,1223
Emma Williams,QA,3114
Alex Smith,Manager,9823
Alex Jones,QA,3474
Alex Brown,Manager,9779
Emma Brown,QA,1642
Victoria Williams,Developer,6490
Sarah Smith,Manager,3186
Alex Davis,Manager,2725
Bob Jones,Developer,3827
Alex Garcia,Developer,4964
David Davis,Developer,6440
David Williams,Manager,9026
Bob Brown,Manager,2541
David Johnson,Developer,3930
John Brown,QA,1537
Alice Garcia,Developer,4529
Alex Garcia,QA,2954
Bob Miller,QA,1138
Sarah Garcia,Manager,9202
Sarah Davis,Developer,7950
Jane Williams,Developer,1080
Jane Davis,Manager,2716
Bob Garcia,Developer,2377
Jane Williams,Developer,4478
Mike Johnson,Manager,3303
Bob Brown,Manager,4471
Sarah Miller,Developer,7523
Alex Jones,Developer,3967
Alex Smith,Manager,3799
David Smith,Manager,6851
Sarah Johnson,Manager,5674
Sarah Williams,Manager,4759
Bob Johnson,Manager,9877
Alice Johnson,Developer,6666
Alex Jones,QA,3688
Victoria Williams,Manager,7820
Alex Smith,Manager,3582
Jane Davis,QA,2466
Alex Garcia,Developer,1152
Alex Davis,QA,2035
Alex Johnson,QA,3508
Alex Smith,QA,3033
Bob Jones,Manager,4293
Sarah Johnson,Developer,2284
Sarah Garcia,Developer,1907
David Davis,QA,2811
Bob Davis,Developer,7492
Alice Jones,Developer,1897
Emma Miller,Manager,6762
Emma Miller,QA,1561
Sarah Jones,QA,2828
Alex Davis,QA,2778
Bob Johnson,Developer,6633
Alice Smith,Developer,2396
Emma Johnson,QA,1606
Alice Miller,Manager,8224
Jane Garcia,Developer,7554
Mike Miller,Manager,9491
Alice Williams,Manager,8640
Sarah Jones,Manager,7441
Mike Garcia,Manager,8857
Emma Brown,QA,2803
John Brown,Manager,3137
Jane Brown,Manager,9166
Emma Garcia,Developer,7861
Alice Jones,Developer,7509
David Williams,Manager,3085
Jane Miller,Manager,7933
Alex Garcia,Manager,3479
John Garcia,Developer,1032
Sarah Johnson,QA,3348
Alice Miller,Manager,3384
Alex Garcia,Manager,2771
Sarah Johnson,Manager,6376
David Miller,QA,1377
Alice Smith,Manager,2758
John Williams,Developer,4785
Bob Davis,Manager,7166
Victoria Garcia,Manager,9926
David Johnson,QA,1865
Alex Jones,Manager,9286
John Garcia,Developer,3682
Mike Williams,Manager,8480
Emma Brown,QA,3420
Bob Smith,Manager,9846
Alice Johnson,Manager,2179
Alice Williams,QA,1377
Alex Brown,QA,3190
John Smith,QA,2317
Jane Brown,Developer,7102
Victoria Williams,QA,923
David Brown,QA,3398
Alice Johnson,QA,2666
Jane Williams,Manager,6825
Alice Brown,Developer,2800
Alice Brown,QA,2398
John Smith,Developer,2790
Mike Brown,Manager,4585
Bob Johnson,Manager,2748
Victoria Smith,Manager,2394
Victoria Davis,QA,1479
David Smith,Developer,4066
Bob Williams,QA,2264
Sarah Davis,Developer,3924
Victoria Miller,QA,2687
Alice Davis,Developer,3694
Alex Garcia,QA,1377
Victoria Johnson,QA,1605
David Miller,Manager,5822
Bob Miller,Manager,7190
Emma Williams,QA,2976
David Miller,Developer,4847
Alex Jones,QA,1969
Jane Davis,Developer,3462
Jane Johnson,Developer,2674
Jane Johnson,Manager,8608
John Brown,Developer,5902
Emma Jones,Manager,8849
Mike Jones,QA,2842
Alex Johnson,Manager,2584
Alex Jones,Manager,2636
Jane Johnson,Developer,1494
Alex Garcia,QA,1336
Bob Williams,Developer,3935
John Williams,QA,1485
John Miller,QA,1884
Victoria Williams,Manager,3404
Sarah Smith,Manager,9735
Mike Brown,Manager,8618
Sarah Miller,Manager,2204
Emma Jones,Manager,4421
Emma Smith,QA,1871
Alex Jones,QA,1209
Emma Williams,Developer,6690
Victoria Garcia,QA,2936
Alice Johnson,Developer,4072
Bob Davis,QA,2836
Jane Williams,QA,3023
Alex Johnson,Developer,1265
Mike Garcia,QA,1850
Alice Smith,QA,3190
Emma Brown,QA,1901
Mike Jones,QA,2478
David Garcia,QA,1701
Mike Williams,QA,2740
Victoria Smith,Manager,8442
Victoria Davis,QA,2359
John Jones,Manager,5583
Sarah Miller,Manager,9866
Alice Smith,Manager,8708
David Smith,QA,2273
John Jones,QA,3528
Alice Davis,QA,1131
Victoria Smith,Manager,6961
Bob Williams,Developer,4574
Alex Davis,Developer,7162
John Smith,Developer,6175
Bob Davis,Manager,8422
Victoria Davis,QA,3691
John Jones,QA,1743
Victoria Smith,QA,3234
Sarah Davis,Developer,3750
Jane Garcia,Developer,6292
Alex Jones,QA,3543
Mike Davis,QA,2766
Alice Garcia,Developer,6575
Jane Garcia,Developer,1036
Jane Brown,Developer,5644
David Davis,Developer,3973
Emma Garcia,Developer,1826
Alice Garcia,Manager,2123
Emma Miller,QA,1517
Emma Williams,Developer,5060
Victoria Johnson,Developer,3313
Alice Miller,Manager,4630
Victoria Jones,Developer,1123
Alice Johnson,Manager,3144
Emma Brown,QA,2051
Bob Davis,Manager,4829
Jane Smith,Manager,5095
Alex Jones,QA,1206
Emma Smith,QA,2674
Emma Davis,Developer,2018
Alice Williams,QA,3486
Emma Jones,Manager,2175
David Williams,Manager,9317
Bob Miller,Developer,6805
Jane Brown,Developer,1471
Sarah Smith,Developer,3534
John Smith,Developer,6595
John Brown,QA,2135
Alex Davis,QA,2772
Emma Brown,Developer,4889
Victoria Williams,Manager,7371
Emma Johnson,Developer,1957
Emma Jones,QA,2195
Alex Brown,Manager,6331
Jane Garcia,QA,3712
Sarah Johnson,QA,3026
Alice Smith,QA,3531
David Garcia,Developer,5148
Mike Jones,Manager,2039
Sarah Johnson,Developer,7095
Bob Brown,Manager,9472
Emma Miller,Developer,1637
Victoria Williams,Developer,2471
Emma Miller,QA,813
Sarah Garcia,Manager,8235
Emma Jones,QA,2841
Mike Miller,Manager,7414
David Williams,Manager,2305
John Johnson,Developer,7603
David Smith,Developer,4276
Sarah Miller,Manager,6400
Victoria Miller,QA,3885
Mike Garcia,Developer,7256
David Miller,Developer,5777
Emma Davis,Developer,6169
Victoria Johnson,Developer,4033
David Brown,Manager,3307
Victoria Johnson,Manager,6167
Jane Williams,Manager,3415
Bob Miller,Manager,3503
John Miller,QA,1180
Victoria Brown,Developer,1011
Emma Miller,QA,3607
Victoria Williams,Developer,2820
Alex Miller,QA,1562
Jane Garcia,Manager,9836
Victoria Williams,Developer,1826
David Garcia,Manager,4439
Mike Johnson,Developer,4302
Victoria Garcia,Manager,4435
Jane Brown,Manager,7974
Bob Garcia,Developer,3981
Emma Johnson,Manager,4280
David Johnson,Developer,1344
Jane Jones,Developer,4568
Jane Smith,Manager,4632
Bob Johnson,Manager,2728
Jane Johnson,QA,2918
Alice Garcia,Developer,7580
Emma Brown,Developer,5815
Victoria Miller,QA,870
Emma Miller,Manager,5258
Alice Miller,QA,2188
Alex Smith,QA,2589
Alex Brown,Developer,6105
Victoria Williams,Manager,3572
Alice Brown,QA,2750
Sarah Jones,Developer,6693
Sarah Johnson,Manager,6280
David Smith,Developer,1207
Alex Smith,Manager,8377
Mike Smith,Manager,7266
Sarah Johnson,Developer,2171
Bob Williams,Developer,2699
Victoria Smith,Developer,6174
Bob Miller,Developer,1995
Emma Smith,Developer,3758
Victoria Garcia,Developer,2122
Victoria Smith,Developer,2299
Alex Miller,QA,3926
Alice Brown,Developer,7460
John Garcia,Manager,6083
Victoria Jones,Developer,7972
Alice Garcia,QA,2064
Mike Smith,Developer,3757
Emma Smith,QA,1646
Alex Brown,Developer,7170
Bob Davis,Developer,4890
David Smith,Developer,1252
Mike Davis,Manager,2790
David Johnson,Developer,3301
Bob Miller,QA,3091
Bob Smith,QA,1641
Jane Brown,Developer,3187
Alex Davis,Developer,5163
Alex Johnson,QA,2063
David Garcia,QA,3396
Alex Johnson,Developer,7940
Mike Smith,Manager,7484
Emma Garcia,QA,1822
John Garcia,Manager,7859
David Davis,Developer,2293
Sarah Johnson,Manager,5473
Victoria Johnson,Developer,1815
Alice Davis,QA,1829
Victoria Brown,Manager,2357
Bob Smith,QA,2571
Mike Miller,Developer,1775
Jane Williams,Developer,6801
Victoria Johnson,QA,2842
David Garcia,Developer,3191
Alice Johnson,QA,2906
Emma Johnson,QA,1006
Victoria Johnson,Manager,9708
Jane Davis,Manager,9648
David Davis,Developer,7249
Mike Brown,Manager,6329
Jane Johnson,Manager,9426
Alex Jones,Manager,6309
Alex Williams,QA,2103
Alex Johnson,Developer,4700
Jane Williams,QA,3987
Bob Smith,QA,2430
David Brown,QA,3328
Mike Jones,Manager,4426
Alex Brown,Developer,2376
Jane Jones,QA,3451
Victoria Williams,Developer,1073
Mike Johnson,Developer,6489
Emma Brown,Manager,4280
Mike Brown,Developer,6632
John Jones,QA,3737
Alex Williams,Developer,1638
John Smith,Developer,2474
John Smith,QA,1145
Jane Williams,Developer,2712
John Brown,Developer,7725
Jane Davis,QA,1299
Sarah Jones,QA,2201
Alex Miller,Manager,4235
David Brown,QA,1088
Jane Smith,QA,2090
Victoria Miller,Developer,7686
Alice Brown,QA,3351
Mike Garcia,Developer,1035
Victoria Davis,QA,3001
Alice Brown,QA,3332
Alice Jones,QA,2289
Mike Garcia,QA,947
Mike Smith,Developer,7542
Victoria Smith,Manager,7939
Alice Johnson,Manager,5748
Victoria Garcia,Developer,3264
Bob Miller,Manager,7476
Bob Miller,Developer,5773
John Jones,QA,1178
Bob Jones,Developer,4490
Victoria Miller,Developer,2151
Sarah Smith,Developer,1231
Alex Johnson,Developer,4064
Victoria Brown,Manager,8855
Alex Brown,Developer,3474
David Miller,Manager,4661
Sarah Williams,Manager,6384
Jane Brown,Manager,4095
Victoria Smith,Developer,1675
Mike Smith,Manager,5516
Jane Brown,Manager,7581
Alice Smith,Developer,4819
Alex Johnson,Developer,3638
Alice Miller,Manager,8329
David Johnson,Developer,1993
David Miller,Developer,5640
Sarah Garcia,Developer,2103
David Smith,Developer,5481
Jane Jones,Developer,3003
Sarah Miller,Developer,1877
David Miller,Manager,7978
Alex Davis,QA,2546
Bob Smith,Manager,8725
Alex Johnson,QA,3710
David Jones,Developer,5054
Victoria Davis,Manager,3760
David Miller,QA,1777
Jane Davis,QA,2081
Emma Smith,Manager,3215
Mike Garcia,Developer,3191
Victoria Jones,Developer,7065
Jane Miller,Developer,3169
Victoria Johnson,Manager,9473
Mike Brown,QA,2644
Alex Smith,Developer,6377
Emma Brown,Manager,6383
Bob Brown,QA,2692
Victoria Jones,QA,2025
John Brown,QA,3287
Alice Williams,Developer,3963
Alice Smith,Developer,4610
Alex Miller,Manager,3625
David Johnson,Developer,3376
Mike Davis,QA,2433
Victoria Johnson,Developer,5030
Victoria Garcia,QA,3054
Sarah Garcia,QA,2773
Alice Smith,Developer,2829
Victoria Garcia,QA,2610
David Davis,QA,1601
Emma Jones,QA,3641
Sarah Garcia,Manager,3936
Alex Smith,Manager,3676
David Williams,QA,2920
Alex Williams,QA,3899
Alice Johnson,Developer,1619
John Davis,Developer,5452
Bob Garcia,Manager,9821
Alex Williams,Developer,1020
Bob Johnson,Developer,4360
Sarah Brown,Manager,8118
Bob Johnson,Developer,5301
Sarah Miller,Manager,3303
Emma Brown,Manager,2749
Alice Garcia,Developer,6555
Sarah Davis,QA,2126
Sarah Johnson,QA,2928
Sarah Johnson,Developer,4655
Emma Jones,Developer,3674
Alex Miller,Manager,6511
David Williams,QA,1925
Sarah Brown,Developer,7787
David Davis,Manager,5002
Alice Garcia,QA,3726
Bob Garcia,QA,1672
Mike Smith,Developer,2214
David Williams,QA,969
Jane Smith,QA,1068
David Jones,Developer,3848
Jane Smith,QA,1087
Bob Brown,Manager,4803
John Jones,QA,2454
David Miller,Developer,4789
Emma Williams,Developer,3083
Bob Smith,QA,3566
David Miller,QA,3727
Mike Miller,QA,3988
John Garcia,QA,3833
John Garcia,Manager,2417
John Smith,QA,3233
Victoria Brown,QA,1761
Alex Jones,Developer,7962
Victoria Williams,Developer,1476
Jane Johnson,Developer,1221
Jane Garcia,QA,2021
Victoria Smith,Manager,9143
Emma Williams,QA,1996
Bob Brown,QA,1732
Emma Williams,Manager,5807
Alex Garcia,Developer,7853
John Miller,QA,2268
Alex Brown,Developer,7643
Alice Jones,QA,2906
David Jones,QA,2120
Victoria Williams,QA,1667
Emma Johnson,Manager,7229
Victoria Miller,Manager,8177
Jane Williams,Developer,7768
Emma Johnson,Developer,1881
John Johnson,Developer,6998
Jane Garcia,Developer,7075
Victoria Garcia,Developer,2149
Jane Davis,Developer,7834
John Williams,Developer,1856
John Smith,Manager,9890
Alice Davis,QA,3965
David Davis,QA,3094
Sarah Garcia,Developer,5772
Emma Johnson,QA,870
Mike Smith,Developer,3934
Jane Jones,Manager,3714
David Williams,Manager,7450
Jane Williams,Manager,3756
John Miller,Manager,4934
Mike Davis,QA,2415
Alice Davis,Developer,1101
Victoria Williams,QA,3912
Bob Jones,Manager,9191
Mike Smith,QA,2595
Mike Garcia,Manager,7956
Bob Davis,Developer,2064
David Smith,Manager,8679
Alice Miller,Manager,7387
Emma Brown,Developer,2079
Sarah Williams,Manager,8302
Bob Williams,QA,3254
John Garcia,Manager,8079
Alex Smith,Manager,3929
John Smith,Developer,1690
Victoria Miller,Manager,6465
David Garcia,Manager,9962
John Smith,Manager,5019
David Williams,Manager,2420
Sarah Garcia,Developer,3710
Bob Davis,Developer,6172
Sarah Johnson,Manager,5331
Emma Williams,QA,1569
Alex Jones,QA,3795
David Johnson,Manager,8683
David Brown,Manager,6358
Sarah Miller,Manager,3374
Emma Williams,Developer,3996
Alice Jones,Developer,5013
Sarah Brown,Manager,6313
Emma Williams,Manager,6766
Mike Smith,Developer,3583
Jane Brown,Developer,2051
Mike Miller,QA,2271
Sarah Smith,QA,2307
Jane Brown,QA,3402
Jane Smith,Manager,8014
John Garcia,QA,821
Victoria Jones,Developer,6660
David Davis,QA,3095
Emma Davis,Manager,7268
Alex Smith,Manager,3207
Jane Jones,Developer,5675
Alice Garcia,QA,1133
Sarah Johnson,Manager,7035
Alex Johnson,Developer,7816
Alice Jones,Manager,7933
Alex Brown,Developer,5453
Alex Garcia,Manager,3334
Victoria Garcia,QA,2946
Emma Davis,Developer,6613
Emma Williams,Manager,6930
Alex Johnson,Manager,8656
Mike Williams,Developer,1591
Alex Williams,Developer,6913
Sarah Davis,Developer,3839
Emma Davis,Manager,9042
Victoria Brown,Developer,6749
David Jones,QA,2180
Victoria Williams,QA,2145
Alice Brown,Developer,1897
Emma Garcia,Developer,1400
David Johnson,QA,3559
Emma Miller,Manager,5490
Alice Davis,Developer,3477
Sarah Smith,Manager,8457
Mike Miller,QA,2462
Alice Johnson,Manager,5153
Sarah Jones,Manager,4340
Bob Johnson,QA,3716
Alice Miller,Developer,1101
David Jones,Developer,1722
Alice Brown,Manager,7707
Mike Brown,Developer,7991
John Miller,Manager,7796
Emma Miller,Developer,5111
Jane Johnson,Developer,5116
Alice Garcia,Manager,7074
Sarah Jones,QA,1075
Bob Jones,Developer,7635
Alice Johnson,QA,3827
Victoria Garcia,Manager,3625
Victoria Smith,QA,2952
Alex Johnson,Manager,8204
Alex Miller,Manager,9837
Jane Garcia,Manager,8752
Jane Brown,QA,2292
Emma Miller,Manager,2696
Mike Garcia,QA,3638
Sarah Williams,Developer,4784
Bob Davis,Developer,6044
Alice Smith,Developer,2503
Alice Davis,Developer,7210
Jane Johnson,QA,3647
John Williams,QA,3868
Mike Garcia,Manager,6466
Alice Davis,Developer,2408
Alice Brown,QA,2559
Mike Davis,Developer,1483
David Miller,Developer,2118
John Miller,Developer,7942
David Garcia,Developer,7571
Victoria Brown,QA,3714
Jane Garcia,Manager,7102
Mike Jones,QA,3215
Jane Jones,QA,3721
Bob Davis,Developer,4304
Bob Johnson,Manager,2119
Alice Smith,QA,3728
John Johnson,QA,2271
Emma Johnson,Manager,5964
Victoria Williams,QA,3717
Alice Smith,QA,1001
Sarah Davis,Developer,2485
Alice Williams,Manager,3417
John Davis,Developer,2456
Victoria Davis,QA,2606
David Jones,Manager,5356
Alice Williams,QA,2812
Alice Johnson,QA,2361
Bob Brown,Manager,6074
David Jones,QA,1635
Alice Jones,Developer,3901
Alex Davis,QA,2661
Mike Smith,Manager,9894
Jane Johnson,Developer,6883
Sarah Jones,Developer,3373
Jane Johnson,Developer,5490
David Smith,QA,2635
Sarah Miller,Developer,7294
Alex Garcia,Developer,2337
Jane Brown,Developer,7002
Sarah Miller,Manager,5943
Alice Johnson,QA,2486
Jane Brown,QA,1054
Mike Williams,QA,2964
John Garcia,Developer,1940
Sarah Brown,Manager,2214
David Davis,QA,2308
Sarah Garcia,Manager,3005
Sarah Johnson,Developer,7922
David Jones,Manager,9004
Mike Smith,Developer,1525
Alice Johnson,Manager,8468
John Garcia,Manager,9378
David Williams,Manager,2854
Alex Williams,Developer,6716
Alice Brown,QA,2035
Sarah Brown,Manager,5896
Sarah Williams,Developer,1010
Mike Johnson,Developer,5623
Sarah Miller,QA,3992
Mike Garcia,Developer,2166
Bob Jones,Developer,1496
David Jones,Manager,2630
Bob Williams,Manager,4711
David Davis,QA,2823
Alice Garcia,Manager,6781
Alice Miller,Developer,4033
John Brown,Manager,9066
Victoria Johnson,Manager,9195
Mike Williams,Manager,2865
Emma Davis,QA,2257
Emma Johnson,Manager,7663
David Garcia,Developer,6229
Victoria Brown,QA,1736
Alice Davis,QA,3843
Victoria Smith,Manager,3332
Jane Smith,QA,2657
Victoria Smith,QA,3823
Alice Davis,Developer,7411
Alice Brown,Manager,6016
Alex Davis,QA,3175
Mike Brown,QA,828
Bob Davis,QA,2585
Victoria Miller,Developer,6000
Victoria Davis,QA,1487
Alex Garcia,Manager,2909
Sarah Garcia,Manager,2891
Mike Davis,QA,3340
Emma Garcia,Developer,4269
Alex Brown,Developer,5051
Bob Williams,Manager,4535
Victoria Smith,QA,1400
Sarah Brown,QA,2407
Mike Brown,Manager,2668
Victoria Johnson,Manager,9780
John Miller,QA,3883
Alex Garcia,QA,2486
Alice Smith,QA,804
Sarah Miller,QA,3824
David Jones,Developer,2165
Sarah Brown,QA,831
Jane Jones,Developer,1634
Bob Johnson,Developer,2928
David Williams,Manager,9862
John Smith,Developer,1674
Bob Jones,Developer,1196
David Garcia,Manager,6264
Alice Garcia,QA,1533
Victoria Jones,Manager,7176
Sarah Smith,Developer,1311
Alex Johnson,Manager,4228
Jane Johnson,Manager,3956
David Davis,Manager,7669
Emma Davis,QA,1213
Emma Johnson,Developer,5340
Alice Miller,Developer,5972
Victoria Brown,Manager,4160
Alex Smith,QA,2298
Bob Garcia,Manager,2993
Alice Brown,Manager,8949
Sarah Williams,Developer,1425
Jane Brown,Developer,2707
David Garcia,Manager,2836
Emma Jones,Developer,4163
Alex Jones,Developer,1494
Emma Davis,QA,1788
Jane Garcia,QA,1403
Alex Garcia,QA,1877
Jane Smith,Manager,6833
Victoria Jones,Developer,4869
Emma Johnson,Manager,3988
David Brown,QA,1960
Sarah Williams,Manager,2063
Bob Davis,Manager,6794
Mike Davis,Manager,8754
Sarah Williams,Developer,2924
Alice Davis,Developer,2262
Sarah Smith,QA,3675
Mike Garcia,Manager,7159
Sarah Miller,Developer,2339
Victoria Brown,QA,1295
Sarah Jones,Manager,7332
Alice Williams,Manager,3078
Victoria Davis,Manager,2621
Bob Brown,Developer,3349
Victoria Miller,QA,1681
Bob Brown,QA,1979
Bob Brown,QA,3925
David Williams,Manager,8228
Jane Brown,Manager,4744
Victoria Jones,Developer,4326
Jane Miller,QA,1198
Bob Brown,Manager,6861
Alice Davis,Manager,6569
Victoria Jones,Manager,7474
John Jones,Developer,7059
John Miller,Manager,6663
Alex Smith,Developer,1205
Emma Smith,QA,2898
Alice Jones,QA,1224
Alice Brown,Developer,1477
Sarah Miller,Manager,4078
John Smith,Developer,3859
John Smith,Manager,8046
Mike Davis,Developer,1204
Sarah Williams,QA,1336
David Miller,Manager,9995
Sarah Brown,Developer,2666
Victoria Davis,QA,2757
John Garcia,Manager,7934
Alice Smith,QA,1984
Victoria Miller,Developer,4162
John Jones,Developer,4779
Victoria Jones,QA,807
Mike Brown,Developer,6317
Alice Brown,QA,1428
Alice Johnson,Manager,9915
Sarah Miller,QA,1992
Victoria Brown,Developer,4812
John Smith,QA,3459
John Smith,Developer,6823
Alice Brown,Manager,7733
Bob Miller,Developer,4786
Victoria Brown,QA,1808
Mike Miller,QA,1051
Mike Jones,QA,1413
Victoria Davis,QA,1994
Alex Miller,Manager,5498
David Williams,Manager,2865
Jane Davis,Manager,3389
Bob Davis,QA,3277
Emma Jones,QA,1667
Emma Williams,Developer,1815
Sarah Johnson,Manager,3927
John Jones,Developer,1016
Alice Jones,Manager,8608
Victoria Miller,Manager,4478
Sarah Smith,QA,1123
Jane Jones,QA,1786
David Miller,QA,3852
Victoria Williams,Manager,2247
David Williams,Developer,1238
Jane Miller,Manager,2611
Alice Brown,Manager,5887
Bob Garcia,QA,902
Alice Davis,Developer,4438
John Johnson,QA,1174
Bob Johnson,Developer,5508
John Brown,Manager,3414
Bob Davis,QA,1442
Jane Davis,QA,1230
Victoria Garcia,Manager,8153
Sarah Garcia,QA,2419
Victoria Garcia,Developer,7357
Alex Johnson,Manager,2465
Sarah Jones,Developer,5611
Sarah Davis,Developer,3206
Jane Davis,Developer,4425
Alex Garcia,Manager,2753
Bob Johnson,Manager,2839
Alex Johnson,QA,2671
Emma Garcia,Developer,3892
John Miller,QA,2127
Bob Garcia,Manager,8299
Victoria Garcia,Manager,3710
John Johnson,QA,2767
Emma Miller,QA,3356
Alice Johnson,QA,1467
Mike Davis,QA,3819
Sarah Miller,QA,3712
Emma Brown,Manager,8337
Alice Davis,Manager,4463
Alex Brown,Manager,7319
John Miller,Developer,3405
Jane Miller,Developer,5427
Mike Miller,Developer,5264
Victoria Davis,Developer,5032
Alice Smith,Manager,7665
Alex Garcia,QA,1701
Bob Jones,Developer,4748
Victoria Johnson,Manager,2003
Jane Smith,Manager,6368
Sarah Brown,Developer,4128
Alice Smith,Manager,3201
Emma Jones,Manager,5505
Sarah Jones,Developer,2016
Bob Miller,QA,1454
Sarah Jones,QA,3327
Alex Jones,Manager,2024
Jane Johnson,QA,2616
Jane Johnson,Developer,6166
Emma Miller,Manager,6745
Bob Davis,Manager,4517
Victoria Brown,QA,1797
Emma Williams,QA,2058
David Jones,Developer,7905
David Miller,Manager,5758
Sarah Jones,Developer,4928
Mike Davis,QA,3341
Alice Williams,Manager,3976
Jane Garcia,QA,1153
Sarah Williams,Manager,7505
David Williams,Developer,6473
David Jones,QA,1199
David Garcia,QA,850
Alex Davis,Manager,2095
John Garcia,Manager,5329
Alice Garcia,Developer,7202
David Johnson,QA,1293
Victoria Williams,Manager,9928
Sarah Garcia,QA,2702
David Garcia,Developer,1837
Alice Brown,Developer,6900
Alex Brown,QA,2494
Emma Williams,QA,1405
Bob Jones,QA,1376
John Garcia,Manager,5072
Alex Johnson,QA,1900
Sarah Garcia,QA,816
Bob Brown,QA,1242
Alex Garcia,QA,2458
Sarah Smith,Developer,6697
Alex Johnson,QA,1896
Emma Jones,Manager,2887
Alice Williams,Developer,5323
Victoria Jones,QA,2541
Sarah Jones,Developer,1826
Alice Brown,Manager,6168
Sarah Johnson,QA,3773
Jane Jones,Manager,6290
Mike Smith,Manager,8055
John Brown,Manager,5422
Victoria Jones,QA,1464
Alex Jones,Manager,5131
Sarah Garcia,QA,1576
Bob Johnson,Manager,4174
Sarah Miller,Developer,6479
David Johnson,Developer,6840
John Jones,Developer,3955
Alice Miller,Developer,3094
John Brown,QA,1536
Emma Garcia,Developer,6747
Victoria Garcia,QA,1155
Victoria Garcia,QA,2966
John Davis,Developer,5569
Alex Williams,Manager,2979
Victoria Smith,Developer,4166
Bob Williams,Developer,2492
John Brown,QA,3960
David Jones,Manager,3327
Victoria Smith,QA,2583
Emma Williams,QA,2569
Bob Brown,Manager,4836
Mike Johnson,Manager,7686
Victoria Miller,QA,1821
Emma Garcia,QA,2512
Alex Jones,QA,1844
Jane Jones,Manager,9241
Victoria Brown,Manager,8257
Victoria Jones,QA,3324
John Davis,QA,3268
Sarah Jones,Manager,7040
Bob Johnson,Manager,3672
Alex Davis,Manager,7922
Alice Garcia,Manager,7781
Sarah Jones,QA,824
Alice Garcia,Developer,3636
John Johnson,Developer,4220
Mike Johnson,QA,3748
Alex Johnson,Manager,7725
Victoria Davis,QA,3633
Victoria Williams,Developer,1088
David Williams,QA,2167
John Johnson,Developer,4490
Bob Davis,QA,1458
Mike Johnson,Manager,5447
Bob Smith,QA,1766
Bob Johnson,Developer,2447
John Smith,QA,2069
David Williams,QA,2917
Jane Davis,QA,1355
Mike Davis,Manager,5698
Jane Garcia,QA,1473
David Williams,QA,1516
John Davis,Developer,1585
John Johnson,Developer,2124
Sarah Smith,QA,3825
Victoria Smith,Manager,3129
Jane Brown,Developer,2085
John Johnson,Manager,5559
Mike Johnson,Manager,2130
Victoria Garcia,QA,1163
Emma Jones,Manager,8259
Mike Johnson,Developer,6849
Mike Davis,Developer,2813
Emma Smith,Developer,7454
Bob Brown,QA,1441
Alice Brown,Manager,7791
Bob Davis,Manager,8238
Alice Miller,QA,3290
David Brown,Manager,5151
Sarah Miller,Manager,2578
Victoria Smith,Developer,3647
Victoria Smith,QA,2114
John Johnson,Developer,1121
Bob Miller,QA,1541
John Miller,QA,1897
John Miller,QA,2361
Emma Williams,QA,2891
Alex Jones,QA,1749
Jane Garcia,Manager,9010
David Brown,Manager,9397
John Brown,Developer,2178
Sarah Davis,QA,2118
Mike Davis,Manager,8126
John Miller,Developer,6508
Emma Miller,QA,3745
Jane Garcia,Manager,7164
Alex Johnson,Developer,3907
Mike Davis,QA,1007
Sarah Garcia,Manager,6060
Victoria Williams,QA,2289
Bob Williams,Manager,9149
John Miller,Manager,8427
Alice Smith,QA,2529
Emma Jones,Manager,5950
Jane Davis,Manager,5751
Emma Smith,QA,2697
Mike Williams,Manager,3010
Jane Garcia,Manager,3638
David Davis,Developer,2637
John Johnson,QA,1747
David Jones,Developer,5967
Jane Brown,QA,2504
Alice Smith,QA,3394
Alex Garcia,Manager,5822
David Johnson,Manager,9401
Bob Brown,Developer,3290
Alice Williams,Developer,7476
Jane Smith,Developer,7156
Mike Garcia,QA,1498
Victoria Williams,Manager,6455
Alex Miller,Manager,2857
Sarah Davis,Manager,3864
Emma Johnson,Developer,3409
David Garcia,Manager,2384
John Jones,Developer,5262
Alex Garcia,Manager,5955
John Davis,QA,3496
Mike Davis,QA,3151
Alice Miller,Manager,3026
Bob Williams,Manager,7778
Jane Smith,QA,2568
Sarah Johnson,Manager,7768
Mike Brown,Developer,3346
Bob Miller,QA,3865
Victoria Davis,Developer,2382
Sarah Davis,QA,2467
Mike Jones,Manager,7038
Victoria Jones,Developer,3094
David Davis,Manager,5728
David Williams,Developer,1668
Jane Brown,Manager,7697
Emma Garcia,QA,1777
Alice Jones,Manager,3868
Alice Miller,Developer,7036
Sarah Miller,Developer,4010
John Jones,Developer,7013
Alex Jones,Manager,9250
Jane Miller,QA,3836
David Johnson,Developer,5821
Jane Garcia,Manager,9936
Alex Davis,QA,3557
Jane Davis,Manager,3435
Jane Johnson,Manager,2608
Sarah Williams,Developer,5317
Sarah Williams,QA,2660
Bob Davis,Developer,1252
Mike Williams,QA,2588
Bob Miller,Developer,6644
Emma Garcia,Manager,3694
John Williams,Manager,3599
David Brown,QA,2691
Emma Davis,QA,886
Victoria Jones,Developer,2217
Mike Smith,QA,1818
Emma Johnson,Manager,2350
Bob Johnson,Manager,6049
Alice Brown,QA,3598
Mike Smith,Manager,9348
David Jones,Manager,7223
Emma Johnson,Developer,7733
Jane Davis,QA,3079
Jane Johnson,Developer,5042
Emma Johnson,Manager,4406
Bob Davis,QA,2946
John Brown,Developer,7771
John Williams,QA,2654
Jane Jones,Manager,9379
Emma Davis,Manager,6531
Mike Davis,QA,2995
Mike Davis,Developer,2735
Bob Miller,Manager,7838
Alice Garcia,Manager,4751
Bob Davis,QA,899
Sarah Davis,QA,3988
Mike Smith,Manager,6613
Jane Garcia,QA,2647
Emma Garcia,QA,3963
Emma Williams,Manager,4317
Sarah Smith,Manager,9812
Bob Smith,Manager,4410
Mike Davis,Developer,6819
Alice Brown,QA,3184
Mike Brown,Manager,5506
Sarah Davis,Developer,4645
Mike Jones,Developer,7214
Victoria Williams,Developer,2865
Alex Garcia,QA,1055
Alex Jones,Manager,3984
Bob Miller,Developer,4419
David Davis,QA,3339
Alex Garcia,QA,867
Alex Johnson,QA,3427
Alex Brown,QA,2321
Victoria Miller,Developer,1936
Jane Johnson,Developer,6568
Emma Williams,Developer,7522
Jane Miller,Manager,8859
Alice Johnson,Developer,7018
Victoria Williams,QA,2036
John Davis,Manager,7310
Jane Williams,QA,2727
Alice Smith,Manager,6651
David Brown,Developer,1892
Mike Johnson,QA,2444
Mike Miller,Developer,5490
Jane Williams,Developer,2683
Bob Jones,QA,3686
Victoria Johnson,Manager,5516
David Johnson,Developer,3468
Mike Jones,Manager,8553
Alice Garcia,Developer,4443
Emma Miller,Manager,4199
Alice Miller,QA,3450
John Miller,QA,801
Alice Williams,Developer,3892
Emma Garcia,Developer,1168
Alice Jones,QA,2406
John Williams,Manager,6369
Mike Jones,Developer,4592
Victoria Smith,Developer,7565
Emma Miller,Developer,4886
Jane Smith,Manager,6333
John Miller,Manager,3996
Bob Johnson,QA,3355
John Jones,QA,2301
Emma Jones,QA,3650
Emma Brown,Developer,6339
David Williams,Manager,8522
Emma Johnson,Developer,4031
David Garcia,QA,3318
Sarah Jones,Manager,3516
Alice Brown,QA,3568
Emma Davis,Developer,6361
Jane Johnson,Manager,3066
John Jones,Manager,5516
Victoria Johnson,Developer,1900
David Jones,QA,1390
Victoria Davis,Manager,9102
Bob Jones,Manager,9791
Bob Brown,Developer,3538
John Garcia,QA,3085
Mike Miller,Developer,5033
Jane Davis,QA,1147
Sarah Davis,QA,2157
Alice Johnson,QA,990
Alex Davis,Manager,9662
Sarah Miller,Manager,3673
Bob Smith,QA,1172
Alex Williams,Developer,1805
Victoria Davis,Developer,2358
John Miller,Developer,2407
Bob Garcia,Developer,2844
John Davis,Manager,2127
Emma Miller,QA,1459
Victoria Williams,QA,2587
Alice Garcia,Manager,8368
Mike Williams,Manager,6025
Mike Miller,Manager,2452
Victoria Jones,QA,1581
Alice Garcia,QA,1002
Alex Williams,Developer,6771
John Jones,QA,1786
Alex Davis,Manager,2730
Alice Miller,Developer,1202
Sarah Miller,Manager,4258
Bob Miller,Manager,4890
David Davis,Developer,7715
Bob Jones,QA,3470
Alex Williams,Manager,4591
Mike Brown,QA,1443
Mike Johnson,QA,847
Emma Miller,Manager,3432
Jane Johnson,Manager,2592
Alice Miller,Developer,1101
Emma Brown,Developer,6838
Bob Smith,Manager,9043
Alice Williams,Developer,5232
Sarah Jones,Manager,9172
Alex Miller,Developer,5238
David Brown,Manager,6836
David Miller,Developer,7837
Mike Garcia,QA,881
Bob Smith,Developer,6257
John Johnson,QA,3487
Bob Garcia,Developer,5940
Bob Johnson,Developer,4714
Emma Johnson,QA,957
Emma Johnson,QA,3367
Mike Garcia,Manager,7831
David Williams,Developer,7501
John Williams,QA,1970
Sarah Miller,Developer,3941
Jane Davis,Manager,7715
Victoria Garcia,QA,2341
Bob Johnson,Manager,3020
Alex Miller,Manager,7706
Alice Jones,Manager,7752
Jane Miller,Manager,3751
Alex Davis,Manager,9993
Emma Miller,Manager,6804
Jane Garcia,Developer,1590
Emma Williams,Manager,7619
John Miller,QA,1483
John Brown,Developer,4277
John Jones,QA,3193
Mike Garcia,QA,3449
Victoria Johnson,Manager,5155
David Miller,Developer,4517
Victoria Miller,Manager,4396
Bob Williams,QA,1098
Emma Garcia,QA,3755
Emma Johnson,Manager,6497
Emma Smith,QA,3175
John Johnson,Manager,4682
Sarah Smith,Developer,7638
Bob Miller,QA,3164
Bob Williams,Manager,6399
Alice Johnson,Developer,7372
Victoria Davis,QA,1688
John Davis,Manager,2382
John Johnson,Developer,3731
David Johnson,Developer,2111
Alex Davis,Manager,9588
Alice Garcia,Developer,7976
Victoria Johnson,Developer,1872
Alex Johnson,Developer,6734
Sarah Johnson,QA,3047
Sarah Miller,Manager,7997
Jane Brown,Manager,6950
David Smith,QA,2578
Jane Smith,QA,1783
Mike Brown,Manager,7672
Victoria Miller,Developer,3391
Mike Garcia,Developer,7875
Bob Davis,Developer,1467
Jane Brown,Developer,1210
Sarah Jones,Manager,3897
David Williams,QA,905
Victoria Garcia,QA,2215
John Brown,Developer,1826
Jane Brown,Manager,8705
John Garcia,Developer,5814
Emma Brown,Developer,7882
Alex Jones,Manager,3184
Jane Jones,Developer,1995
Alex Johnson,Manager,7828
Emma Johnson,QA,932
Victoria Smith,QA,2257
Sarah Davis,Developer,6488
Alex Williams,QA,2737
Victoria Davis,Developer,5723
Alice Smith,QA,2401
Alex Smith,Developer,6115
Emma Miller,QA,1646
Jane Jones,Developer,3096
Mike Johnson,Developer,4084
David Brown,QA,1230
Alex Johnson,QA,3951
Mike Smith,QA,3924
Victoria Johnson,Developer,7685
Sarah Johnson,Manager,8046
Sarah Miller,QA,3458
Alex Johnson,Manager,7053
Jane Miller,Manager,3288
Sarah Smith,Developer,7758
Bob Davis,QA,3956
Alice Miller,Manager,9859
Mike Smith,Manager,7103
Jane Miller,QA,2423
Sarah Davis,QA,1373
Mike Brown,Manager,2963
Jane Jones,QA,995
Sarah Garcia,QA,1072
David Miller,QA,2326
David Williams,Developer,5055
Sarah Brown,Manager,8480
Victoria Jones,QA,3807
Jane Williams,QA,3455
Mike Johnson,Developer,6228
Victoria Brown,Manager,9212
Victoria Williams,Developer,4522
Alex Williams,Manager,7647
Alice Smith,Developer,2943
Alice Miller,Developer,6151
Alice Garcia,Manager,6815
Sarah Johnson,Manager,3309
Bob Davis,Developer,6824
Victoria Garcia,QA,1466
Mike Jones,QA,2981
Jane Smith,QA,2775
Alice Smith,Manager,3714
Alex Williams,QA,3353
Victoria Johnson,Developer,7180
Jane Garcia,QA,2588
Emma Smith,Developer,1216
Alex Miller,Developer,3905
Alex Smith,QA,3954
Mike Brown,QA,3185
Mike Jones,QA,2772
David Garcia,QA,2507
Bob Brown,QA,1971
Alex Smith,Developer,5655
Alex Garcia,Developer,7550
Emma Davis,Manager,8988
Alice Williams,Developer,4773
John Jones,Manager,3187
Alex Johnson,Manager,5457
Alex Davis,Manager,8014
Jane Smith,Developer,1117
Alex Williams,QA,3357
David Williams,Developer,4169
David Williams,Developer,4811
Alice Williams,QA,2030
John Jones,Manager,2739
Mike Brown,QA,3304
Victoria Johnson,Manager,3610
Alex Jones,Developer,7294
Mike Garcia,Manager,2633
Alice Davis,QA,1027
John Jones,QA,1834
Alice Miller,Manager,6852
Bob Davis,Developer,6761
Bob Smith,QA,1642
John Brown,QA,2734
Victoria Johnson,Developer,7047
Bob Garcia,Developer,7485
John Williams,QA,3247
Alice Davis,Manager,9262
Mike Johnson,Manager,4325
David Smith,Developer,6982
Bob Smith,Manager,3283
Bob Williams,QA,2884
Mike Davis,Developer,7783
Sarah Smith,Manager,8641
Alex Brown,Developer,2780
Emma Garcia,Manager,2048
Emma Jones,Developer,5094
Alex Miller,QA,3132
David Garcia,Developer,1332
Emma Jones,Manager,6556
Sarah Williams,Developer,6953
Bob Jones,Developer,3195
Mike Miller,Manager,8831
Alice Johnson,QA,2915
Sarah Brown,Developer,5904
Alice Jones,Developer,6758
David Jones,QA,3116
Jane Johnson,QA,1131
Alex Brown,QA,2926
Mike Johnson,QA,1638
John Johnson,QA,2344
Sarah Miller,Manager,8687
Jane Brown,QA,2998
Victoria Garcia,Developer,6865
Mike Williams,QA,2599
John Brown,QA,1083
Alex Johnson,Manager,9744
John Smith,Manager,9837
Emma Jones,Developer,5148
Jane Miller,Manager,8578
Sarah Davis,Developer,6115
Alice Garcia,Developer,6456
David Smith,Developer,7477
Jane Smith,QA,3353
Sarah Garcia,Developer,1490
Mike Smith,QA,1040
Victoria Smith,QA,2366
Bob Miller,Manager,3024
Emma Johnson,Developer,2965
Sarah Brown,Manager,4708
Mike Williams,Manager,9640
Victoria Davis,Manager,8334
Jane Jones,Manager,9906
Victoria Brown,Developer,7560
Alex Brown,Developer,2173
Mike Miller,QA,3464
Jane Johnson,Manager,9151
Emma Jones,Developer,1479
Alex Miller,QA,3587
Alice Williams,Manager,2689
John Brown,QA,3126
Bob Garcia,QA,1679
Alex Johnson,QA,927
Victoria Garcia,Developer,3707
David Miller,QA,2319
Emma Smith,QA,2450
Alice Jones,QA,2749
Sarah Brown,Developer,6774
Alice Smith,Manager,4690
Alex Davis,Manager,5524
Alice Williams,Manager,3538
Mike Brown,Manager,5975
David Williams,Developer,7148
Alice Smith,QA,2366
John Garcia,Developer,2200
Mike Garcia,Manager,8817
Mike Garcia,QA,2632
Jane Jones,QA,2228
Victoria Miller,Manager,3310
Alice Brown,Manager,8859
Emma Smith,Developer,7069
Mike Garcia,Manager,8025
John Smith,Developer,7420
David Johnson,QA,1084
David Garcia,Developer,4328
Sarah Smith,Developer,2789
Bob Williams,Manager,3036
Alex Johnson,QA,1554
Mike Johnson,Manager,6863
Jane Smith,Developer,7592
Sarah Smith,Manager,2315
Sarah Jones,QA,1524
John Brown,Developer,4732
Jane Johnson,Developer,1872
Alice Smith,Developer,2843
Sarah Miller,Manager,9114
Emma Miller,QA,1728
David Garcia,QA,888
David Smith,QA,3816
Emma Johnson,Manager,8378
Mike Smith,QA,2289
Mike Johnson,Manager,7190
David Smith,Developer,7246
Sarah Garcia,Manager,2237
Jane Williams,QA,1131
Mike Smith,Manager,8860
Emma Miller,QA,1703
Mike Williams,Developer,3000
Emma Johnson,Manager,4963
Alice Davis,Manager,4042
Jane Davis,Developer,7650
Alice Johnson,Developer,3683
John Johnson,Developer,2227
Victoria Johnson,Developer,2104
Alex Johnson,Manager,6863
Alice Jones,Manager,2617
John Garcia,Developer,3390
Bob Jones,QA,2347
Victoria Garcia,Developer,2330
Bob Brown,Developer,2556
Alex Johnson,Manager,5823
Bob Davis,Developer,2751
Alex Garcia,Developer,7612
Alex Williams,QA,1809
David Miller,Manager,8713
Alice Smith,Manager,9075
Emma Brown,Manager,2891
Alex Davis,Developer,7688
Emma Williams,Developer,6762
Alice Brown,Developer,3861
David Smith,Developer,3880
Mike Miller,Manager,2703
John Miller,Manager,8321
John Miller,Manager,2483
Mike Davis,Manager,2030
Bob Garcia,Manager,6635
Sarah Johnson,QA,3233
Emma Johnson,QA,2657
David Williams,Manager,7335
Alex Davis,QA,1562
Alice Brown,Manager,9128
John Brown,QA,1797
John Smith,Manager,4457
Bob Jones,Manager,4770
David Williams,Developer,5710
Alice Smith,QA,1413
Emma Johnson,Developer,7904
Victoria Garcia,Developer,1174
Bob Jones,QA,1646
Sarah Williams,Manager,4487
John Williams,Manager,9254
Alice Smith,QA,3069
Victoria Brown,QA,3686
Victoria Williams,QA,840
Alice Davis,Developer,1778
Bob Jones,Developer,6721
Bob Brown,Manager,3345
David Jones,Manager,9453
Emma Miller,QA,3256
Alice Davis,Manager,4382
Sarah Smith,QA,3779
John Williams,QA,2212
John Davis,Developer,1659
David Miller,Manager,8834
Sarah Brown,QA,3945
Alice Smith,QA,1074
Sarah Garcia,Manager,5217
Alice Garcia,Manager,9648
Sarah Johnson,Manager,6244
Sarah Johnson,Developer,1918
Mike Johnson,QA,1795
Victoria Davis,Developer,7130
Emma Smith,QA,3633
Sarah Miller,QA,1870
Sarah Williams,QA,2280
Alice Davis,Manager,2022
Alex Smith,QA,1891
Jane Jones,Manager,7566
John Miller,QA,3613
Alex Brown,Manager,3196
Bob Johnson,Developer,4175
David Smith,QA,1226
Victoria Garcia,Developer,5360
Bob Davis,Developer,6429
Jane Brown,Developer,6693
Mike Williams,Manager,8439
Emma Johnson,Manager,9394
Mike Garcia,QA,3116
Bob Jones,QA,1820
John Davis,Manager,8456
Alex Jones,Manager,9705
Alex Brown,QA,2585
John Smith,Developer,1701
Emma Johnson,Developer,3263
Mike Miller,Manager,6006
John Brown,Manager,2065
David Garcia,QA,1437
Victoria Brown,Manager,2292
Sarah Brown,Developer,4138
Victoria Williams,Manager,7868
Emma Miller,QA,812
Sarah Jones,Developer,1987
Emma Davis,Developer,4844
Alex Davis,Manager,3813
Victoria Davis,QA,3411
Victoria Brown,QA,2610
Alex Garcia,QA,1711
Alex Williams,Manager,8159
Victoria Smith,QA,3316
Victoria Garcia,Manager,5775
Victoria Garcia,Developer,3954
John Smith,Manager,5699
Jane Miller,Developer,2394
Alex Williams,Developer,3498
Alex Brown,Developer,3312
John Williams,Developer,3225
Victoria Johnson,QA,3426
Mike Johnson,Manager,5300
Sarah Garcia,Manager,4214
Alex Brown,QA,2395
Alex Brown,Developer,1847
Mike Davis,QA,1775
John Johnson,Manager,7076
Emma Miller,Manager,7499
John Smith,QA,902
John Williams,QA,2690
Bob Johnson,Manager,8453
Jane Jones,Developer,3207
Mike Johnson,Developer,1251
Alice Smith,Developer,1292
Bob Williams,Developer,3972
Sarah Johnson,Developer,4356
Alex Davis,Manager,3863
Alice Brown,Developer,7118
Emma Garcia,QA,1935
Alex Davis,QA,1597
Alice Williams,QA,2626
Alice Garcia,QA,1834
Emma Brown,Developer,1036
Victoria Jones,Developer,7246
David Jones,QA,3595
Sarah Davis,QA,2375
Jane Miller,QA,3560
Mike Jones,Developer,2972
Emma Garcia,Developer,3190
Alice Smith,Developer,4486
Bob Brown,QA,861
David Garcia,Manager,6544
Sarah Davis,Developer,3171
Alex Smith,Developer,4319
Victoria Jones,Manager,6807
David Garcia,Manager,8023
Mike Miller,Developer,5475
Sarah Smith,Developer,2401
Bob Davis,Developer,6431
John Johnson,Manager,9289
Jane Brown,QA,3917
Jane Johnson,Developer,1414
Emma Williams,Developer,2748
David Smith,Manager,2958
Mike Davis,QA,3064
Sarah Garcia,Manager,4415
Jane Garcia,QA,3846
Bob Garcia,QA,822
Victoria Williams,Developer,2143
Victoria Smith,Manager,2701
John Jones,QA,2167
Alex Williams,QA,3035
Victoria Davis,Manager,8057
David Johnson,Manager,8646
Mike Johnson,Manager,4536
John Garcia,Developer,4533
Mike Jones,QA,3718
Victoria Brown,Developer,3755
John Garcia,Developer,3017
Victoria Garcia,QA,1620
David Johnson,Manager,6188
Alice Johnson,QA,1064
David Davis,QA,3500
John Davis,QA,1180
David Williams,Developer,4489
Alex Johnson,QA,2806
Bob Johnson,QA,1878
David Williams,Developer,6082
Alex Brown,Manager,3590
David Davis,QA,2967
Bob Miller,Developer,7759
Alice Davis,QA,2361
Sarah Williams,Developer,5455
Sarah Johnson,QA,3450
John Williams,Manager,9356
Bob Williams,Developer,4152
Alice Garcia,QA,1419
Alex Miller,QA,1190
Alex Davis,Developer,1221
Jane Jones,Developer,7586
Bob Jones,QA,1528
Mike Johnson,Developer,4671
Victoria Smith,Developer,7349
David Jones,Manager,5529
Jane Davis,Developer,5071
Bob Brown,QA,1399
Mike Brown,Manager,9443
Sarah Smith,Manager,2597
Jane Williams,QA,2099
John Davis,Developer,7203
Alex Brown,Manager,9688
Jane Garcia,Manager,9354
Mike Jones,Developer,7978
Mike Jones,QA,3058
John Jones,Developer,5061
Alice Johnson,Manager,9559
Jane Jones,Developer,5717
Mike Johnson,QA,1039
David Davis,Developer,2954
Bob Davis,QA,833
Alice Smith,Developer,7773
Jane Jones,QA,1914
Sarah Johnson,Developer,2956
Jane Johnson,Manager,6629
Jane Brown,QA,1716
Mike Jones,Manager,9034
Alex Miller,QA,2729
Alex Brown,Manager,5362
Victoria Davis,Manager,5967
Jane Johnson,QA,1534
David Brown,Developer,2539
Alice Smith,Developer,6548
Bob Jones,Developer,7247
Victoria Williams,QA,1911
Emma Smith,QA,2650
David Smith,Manager,3518
Emma Smith,Manager,2898
David Davis,Developer,7368
Jane Garcia,Manager,2722
Jane Smith,Manager,8561
John Jones,Developer,5023
John Garcia,Developer,1893
Alex Garcia,Developer,5751
Sarah Miller,QA,1199
Bob Jones,Developer,5442
Victoria Williams,QA,2079
Emma Brown,QA,3951
Sarah Miller,Manager,6553
Sarah Johnson,QA,2101
Mike Miller,Developer,1877
Victoria Jones,Developer,6210
Alice Jones,Manager,2487
Emma Garcia,Manager,5208
Victoria Jones,Developer,5928
Sarah Jones,Developer,2654
Alice Davis,QA,805
Victoria Jones,Manager,9150
Sarah Jones,Manager,6096
Mike Miller,Manager,8998
Mike Garcia,Developer,1295
Jane Davis,Developer,4188
Mike Smith,Developer,7627
Mike Jones,Developer,3289
John Jones,Manager,2798
Sarah Brown,Manager,3005
Jane Williams,Manager,9674
John Williams,Manager,7655
Victoria Johnson,Developer,7243
Alice Jones,Developer,2979
Jane Williams,QA,3117
Victoria Brown,QA,1333
Alice Garcia,QA,1658
Bob Jones,Developer,2695
Alice Davis,QA,3001
Alice Davis,Developer,6900
Victoria Smith,Developer,2316
Emma Smith,Developer,7965
Victoria Brown,QA,2566
Sarah Miller,Developer,4213
Emma Garcia,QA,3464
Alice Jones,Manager,2496
Jane Brown,Manager,2377
Emma Jones,QA,3712
Alice Smith,Developer,3071
Victoria Miller,QA,1915
Mike Davis,Manager,4548
David Brown,QA,2384
Alice Johnson,QA,2322
Jane Miller,Developer,7384
Mike Miller,QA,1508
Mike Davis,QA,2450
Sarah Jones,QA,3859
David Smith,Developer,6894
Sarah Miller,QA,1528
Emma Davis,QA,2923
Sarah Johnson,Manager,7674
Jane Garcia,Developer,5685
Alice Williams,Developer,1451
David Williams,QA,1280
John Brown,Developer,5285
Alex Jones,Developer,7693
Alex Jones,Manager,5921
Emma Davis,Manager,6100
Jane Smith,QA,3232
Mike Smith,Developer,6899
Alex Davis,Developer,4536
Alice Miller,QA,1904
Sarah Williams,Manager,4867
Victoria Jones,Manager,2750
Alice Jones,Manager,4460
Sarah Johnson,QA,2565
David Davis,Developer,2838
John Smith,Developer,4839
David Johnson,QA,1356
John Brown,Developer,2975
Emma Brown,QA,1679
Alex Johnson,Manager,8418
Victoria Smith,QA,1352
Jane Davis,QA,2704
Alex Miller,Developer,6395
Mike Smith,Manager,2466
Emma Johnson,Manager,2894
Emma Johnson,QA,3224
David Miller,Developer,6734
Mike Williams,Manager,4256
Emma Johnson,Developer,2763
Sarah Miller,Manager,2630
Bob Brown,Manager,7073
David Davis,QA,2730
Alice Brown,Manager,6869
Sarah Smith,Manager,4277
Sarah Davis,QA,1889
Bob Miller,Developer,4613
Victoria Jones,Developer,4025
Jane Davis,Manager,4292
Emma Jones,Developer,3457
Mike Davis,Manager,3768
David Smith,Manager,4513
Victoria Johnson,QA,1477
David Johnson,Manager,8649
Alex Johnson,Developer,5262
Jane Williams,Developer,3808
Victoria Davis,Developer,5432
Mike Garcia,Developer,6730
Mike Johnson,Developer,6933
Sarah Davis,Manager,6683
Alice Miller,Manager,6523
David Davis,QA,1312
David Davis,QA,3120
Alex Davis,QA,914
Alex Brown,QA,1034
Victoria Miller,Manager,3136
David Williams,Manager,9208
Jane Williams,QA,2500
John Johnson,QA,2388
Bob Johnson,Manager,8437
Victoria Smith,Manager,6025
Alex Brown,Manager,8613
Emma Brown,QA,836
John Smith,Developer,7441
Bob Johnson,Manager,9892
Alex Miller,Developer,5536
David Johnson,Manager,5699
Alex Davis,QA,3761
Alice Miller,QA,3151
Jane Smith,Manager,3354
Mike Smith,Developer,3022
Jane Garcia,Developer,1885
Mike Miller,QA,3760
Sarah Smith,Manager,4623
Emma Brown,Developer,5887
Mike Jones,QA,2740
Alice Miller,Manager,6386
David Smith,QA,1596
Jane Williams,Manager,9130
Sarah Smith,Manager,6931
Sarah Smith,Manager,2559
Victoria Johnson,Manager,4992
John Johnson,Manager,3215
Bob Jones,Developer,6813
Alex Brown,Manager,6192
Jane Williams,Developer,5901
Alex Garcia,QA,3701
Mike Jones,QA,3901
John Garcia,QA,866
Alice Brown,QA,2511
Alice Williams,QA,3478
Emma Miller,Developer,7628
Sarah Miller,Developer,2382
Bob Williams,Manager,7161
Bob Smith,QA,2593
Victoria Garcia,Developer,3115
Victoria Smith,Developer,6492
Jane Jones,Manager,7631
Bob Miller,QA,2733
Sarah Miller,QA,1461
Victoria Davis,Manager,5389
Mike Williams,QA,2981
Mike Davis,Manager,6236
Alex Jones,QA,922
David Smith,QA,1036
Mike Brown,QA,1563
Mike Garcia,QA,1042
Emma Garcia,QA,3502
Bob Garcia,Developer,2363
Jane Davis,Manager,8659
John Brown,QA,3314
Victoria Johnson,QA,1547
Sarah Brown,Developer,6027
Jane Williams,Manager,6009
Victoria Smith,Manager,7550
Sarah Williams,Manager,3359
Sarah Brown,Manager,7599
Mike Johnson,Manager,4110
Alex Miller,Developer,4911
Alice Miller,Developer,4023
Alex Jones,QA,2159
Sarah Garcia,Manager,4692
Sarah Miller,Developer,5852
Alice Johnson,Developer,1915
John Jones,Developer,7517
Sarah Garcia,Manager,9498
Emma Smith,Manager,9102
John Garcia,Developer,2583
Jane Williams,Manager,6485
Alice Williams,Developer,3575
Alex Miller,Manager,6354
Victoria Davis,QA,3721
Mike Brown,QA,1803
Emma Brown,QA,2949
Alice Smith,Manager,7138
Jane Miller,Manager,9074
David Garcia,QA,3331
Emma Williams,Manager,4120
Bob Jones,Developer,2518
Mike Brown,Developer,3327
David Miller,Developer,1465
Alice Miller,Developer,2060
Alex Williams,Developer,1764
Victoria Williams,QA,3200
Victoria Miller,QA,1294
David Davis,QA,3451
Alice Johnson,Developer,5406
David Johnson,Developer,7224
Sarah Miller,QA,2674
Emma Smith,Developer,6436
John Johnson,Developer,4535
Sarah Davis,QA,2100
Alice Garcia,Developer,5282
Mike Davis,QA,2723
Emma Garcia,Developer,2478
Jane Miller,QA,1964
Victoria Smith,Manager,3844
Alex Miller,Developer,7369
Mike Miller,Manager,7449
Jane Smith,QA,1106
Alice Garcia,Manager,4776
Emma Garcia,Manager,8941
Emma Miller,Developer,6089
Mike Williams,Developer,2585
Victoria Johnson,Developer,3239
Alice Davis,Manager,5893
Victoria Davis,QA,1302
John Davis,Manager,7100
Sarah Smith,Developer,4943
Bob Miller,Developer,4153
Victoria Williams,QA,1285
Jane Davis,QA,1049
John Miller,Developer,4517
Sarah Brown,QA,2378
Mike Johnson,QA,2634
John Davis,QA,1498
Mike Smith,Manager,2692
Jane Smith,Manager,5985
John Jones,Developer,1170
Alex Brown,QA,3896
Sarah Williams,Developer,3351
Alice Davis,Developer,4054
Sarah Smith,Developer,2586
Mike Jones,Developer,1993
David Brown,Developer,2476
Victoria Brown,Manager,6236
John Jones,Developer,3515
Victoria Johnson,Developer,1826
Emma Brown,QA,1262
Jane Jones,Developer,2367
Emma Miller,QA,2169
John Jones,Manager,2401
Victoria Brown,Developer,1552
Sarah Garcia,Developer,4540
Sarah Johnson,Manager,7825
David Johnson,QA,2047
Victoria Johnson,QA,3257
John Davis,QA,1007
Sarah Garcia,QA,2016
Alex Garcia,QA,815
Mike Williams,QA,1978
Alice Smith,Manager,2923
Jane Williams,Developer,6019
Jane Smith,Manager,2967
John Davis,Developer,2868
Alice Johnson,QA,3240
Sarah Jones,QA,1293
Bob Garcia,Developer,2411
Alice Smith,Developer,4741
Jane Miller,QA,2233
Jane Williams,Developer,6317
John Miller,Manager,6075
David Jones,QA,3651
Victoria Smith,Manager,3100
David Williams,QA,2503
Alice Miller,Manager,2976
Mike Williams,Manager,5744
Sarah Jones,QA,2915
Mike Garcia,Developer,6754
Mike Garcia,Developer,5342
Victoria Davis,Manager,5982
Jane Johnson,Manager,4979
Alex Williams,Developer,2615
Bob Miller,Manager,9050
Jane Williams,QA,2092
David Johnson,QA,2514
Alice Jones,Developer,4187
John Jones,Manager,7405
John Jones,QA,1520
Victoria Williams,Developer,7934
Bob Jones,Manager,7710
John Miller,Developer,2770
Sarah Miller,Manager,4914
Jane Miller,Developer,4632
Victoria Jones,Manager,3790
John Davis,Manager,9446
Sarah Brown,QA,2639
Alice Garcia,Developer,6908
David Brown,Manager,4895
Emma Davis,QA,3409
Bob Miller,QA,3101
Sarah Garcia,Manager,3626
Emma Smith,Manager,2675
Alice Jones,Manager,4538
John Davis,Developer,4901
Alex Davis,Manager,6516
Jane Williams,Manager,3355
John Johnson,Developer,7494
Victoria Davis,Developer,3684
Emma Davis,Developer,7861
David Garcia,Manager,9841
John Johnson,Developer,6256
Jane Jones,Developer,7961
Alice Jones,QA,950
Victoria Brown,Developer,2526
John Johnson,Manager,6038
Alex Smith,QA,3206
Alice Johnson,QA,1237
Sarah Jones,Developer,3397
Emma Davis,Manager,3968
Mike Jones,Manager,5663
Alice Williams,Developer,5619
Alice Johnson,QA,2808
Mike Miller,Developer,2949
Alice Jones,Manager,3892
Emma Brown,QA,1378
Emma Smith,Manager,6086
Sarah Smith,Manager,8783
John Johnson,Manager,3606
Alex Brown,Manager,6228
Alice Johnson,QA,2659
Bob Smith,Developer,3358
Bob Williams,QA,2647
John Williams,Developer,7785
Alex Williams,Manager,8613
Alice Williams,Developer,3476
Bob Johnson,Manager,4614
Victoria Brown,QA,2298
Jane Davis,Manager,2372
David Williams,Manager,9380
Bob Garcia,QA,1598
Alex Brown,Developer,4165
Victoria Davis,QA,2465
Emma Davis,QA,3499
Victoria Jones,QA,2278
Sarah Johnson,QA,886
Alex Jones,Manager,4503
Bob Garcia,Manager,5435
Alice Johnson,Developer,2433
Alex Brown,Developer,4930
Sarah Davis,QA,2843
David Johnson,QA,1502
David Williams,Manager,7233
David Miller,QA,867
Alex Smith,Manager,8878
Victoria Garcia,Developer,5389
Mike Smith,Developer,3908
Mike Williams,Developer,2778
Jane Johnson,QA,3995
Alex Garcia,Developer,7207
Alex Smith,Manager,5138
Jane Garcia,Manager,8641
Victoria Garcia,QA,1042
Mike Davis,Developer,1788
Alex Garcia,Manager,4212
David Brown,Developer,6909
David Johnson,QA,2279
Alice Williams,Developer,7521
Emma Smith,Developer,4765
Alice Davis,QA,3018
Alice Garcia,Manager,7626
Sarah Brown,Developer,6829
Mike Davis,Manager,7708
Mike Williams,QA,1966
Alex Johnson,Developer,7274
Sarah Miller,Manager,8999
Sarah Williams,QA,812
Emma Brown,QA,2232
Emma Garcia,Manager,5176
Mike Jones,Manager,5475
Jane Miller,Developer,5696
Emma Davis,Manager,7847
David Johnson,QA,3824
John Johnson,Developer,5533
Bob Davis,Manager,2408
Alex Jones,QA,2653
Emma Johnson,Developer,2701
John Brown,Manager,7971
Mike Jones,Manager,2506
Alice Garcia,Manager,4155
Alex Brown,Manager,7854
Bob Smith,Developer,5958
Alex Davis,QA,3189
Sarah Miller,Manager,2357
Alice Jones,Manager,4344
Mike Miller,Developer,6264
Victoria Garcia,QA,2726
David Miller,QA,3233
Jane Smith,QA,2509
Alex Brown,Manager,4354
John Garcia,QA,2407
Alice Smith,Manager,6348
David Jones,QA,2294
David Williams,QA,1453
Mike Smith,Developer,6718
Victoria Johnson,QA,905
Victoria Jones,QA,1589
David Smith,QA,938
Sarah Smith,QA,3491
Jane Williams,Developer,7025
John Brown,QA,2983
David Johnson,Manager,4647
David Jones,Manager,6892
Mike Smith,QA,3329
Alex Brown,Developer,2465
Victoria Jones,QA,2515
John Davis,Manager,9939
Victoria Brown,Developer,3643
John Miller,QA,2651
Alex Smith,QA,1694
Bob Jones,QA,2658
John Garcia,Developer,4026
Jane Johnson,QA,2852
Victoria Smith,Developer,3997
Jane Williams,Developer,4926
John Davis,Manager,9184
Mike Johnson,Developer,5529
Alex Miller,Manager,9592
Alice Jones,Manager,9924
Victoria Brown,Manager,3799
Victoria Johnson,QA,2642
Alice Johnson,Developer,3034
Jane Garcia,Developer,4877
Bob Williams,Manager,6106
Bob Jones,Manager,6032
Sarah Smith,Manager,4420
Mike Miller,QA,3822
Alice Miller,Developer,4608
Alice Davis,Manager,4460
Victoria Miller,Developer,3643
Emma Brown,Developer,2972
Victoria Brown,Developer,3051
John Smith,Developer,7949
Sarah Miller,QA,1180
Bob Brown,QA,855
John Miller,Developer,6033
John Smith,Manager,2856
Bob Johnson,Manager,9850
Bob Garcia,Developer,4167
Alex Johnson,QA,3690
John Johnson,QA,3596
John Miller,QA,1486
Emma Davis,Manager,3417
Mike Johnson,Developer,7213
David Williams,Developer,5518
Emma Jones,QA,3427
John Jones,Developer,6641
Sarah Davis,QA,2203
Mike Brown,Developer,1009
Victoria Miller,Developer,3489
Sarah Miller,Manager,5513
Bob Miller,Manager,4579
John Smith,QA,2223
Victoria Brown,QA,2691
David Williams,Developer,4108
Victoria Davis,Developer,3274
Alice Smith,Manager,4141
Emma Davis,Manager,2267
Bob Johnson,QA,1137
Bob Williams,Developer,2396
Bob Miller,Developer,4425
Jane Jones,Manager,5736
Sarah Brown,Developer,4454
Sarah Miller,Developer,3857
John Smith,Manager,3313
Victoria Jones,QA,1711
Mike Garcia,Manager,4675
Bob Miller,Developer,6183
Jane Williams,QA,1681
Bob Williams,QA,876
Alex Jones,Developer,3452
Alex Smith,QA,2909
David Jones,QA,3005
John Davis,QA,1897
Mike Jones,Manager,2602
Mike Brown,QA,3587
Alice Williams,QA,2683
Alice Garcia,Manager,2519
Bob Miller,QA,3943
John Jones,Manager,3704
David Brown,Manager,5817
Emma Miller,Developer,3654
Jane Brown,QA,1947
Alice Williams,QA,1542
Alex Garcia,Manager,2139
Bob Miller,QA,2491
Emma Jones,Manager,2883
John Miller,Manager,8097
John Davis,Developer,1832
John Williams,Manager,2570
Alex Williams,Developer,1961
Alex Brown,Developer,4135
John Brown,QA,2441
Mike Smith,Manager,4793
Sarah Smith,QA,1186
David Miller,Developer,5503
Victoria Miller,Developer,2314
Sarah Smith,Manager,3384
Emma Williams,QA,924
Emma Johnson,Manager,6420
Victoria Jones,Manager,2242
Alice Williams,Manager,4088
Victoria Brown,QA,1189
Bob Garcia,Manager,9350
Mike Jones,Developer,6146
Alex Johnson,QA,1066
Bob Jones,Developer,5224
Alice Smith,QA,2637
Jane Smith,Developer,4215
Victoria Williams,QA,1171
Alex Miller,QA,805
David Jones,Manager,5623
John Smith,QA,821
Alice Jones,Developer,3369
John Brown,Manager,3721
Mike Smith,Developer,6802
Alice Jones,QA,2546
Mike Smith,Manager,3159
Victoria Jones,Manager,9559
Jane Jones,Manager,5940
John Garcia,Developer,3953
Emma Smith,QA,1548
Alex Brown,QA,3022
Mike Davis,QA,831
Victoria Jones,Manager,3907
Bob Garcia,QA,1446
Sarah Johnson,Developer,2980
Mike Johnson,Manager,7401
Victoria Williams,Developer,7302
Victoria Jones,Developer,1878
Victoria Smith,QA,3515
David Davis,QA,2270
Victoria Johnson,Developer,2331
John Smith,Developer,1942
Emma Miller,Manager,3177
Sarah Smith,QA,1831
Alex Brown,Manager,8232
Emma Davis,Developer,3333
Jane Garcia,Developer,5463
John Smith,QA,2478
Victoria Garcia,QA,1118
David Johnson,Developer,1022
David Davis,Manager,9760
Alice Johnson,Developer,1232
Jane Garcia,Developer,2845
John Johnson,QA,832
Sarah Miller,Manager,2534
John Jones,QA,2246
John Brown,Developer,3438
Alice Smith,QA,3306
Sarah Johnson,Manager,5508
John Miller,QA,3220
Jane Johnson,QA,3797
Alex Smith,Developer,6040
Bob Garcia,Developer,3015
Alex Jones,Manager,8174
Bob Williams,Manager,6290
Alice Johnson,QA,1523
John Miller,Manager,2773
David Brown,Developer,2126
Victoria Miller,Developer,4750
Jane Jones,Developer,1105
Bob Williams,QA,2453
Bob Williams,Developer,7869
Mike Brown,Developer,4927
Sarah Williams,Manager,2340
John Brown,QA,1813
Alex Johnson,QA,2668
Jane Smith,Developer,1024
Mike Davis,Manager,4663
Emma Johnson,QA,1255
Mike Johnson,Manager,4813
Victoria Brown,QA,1059
Victoria Jones,Developer,7793
David Johnson,QA,1329
Jane Jones,Developer,7529
Alex Brown,Developer,6209
Alice Jones,Developer,1385
Emma Smith,QA,2750
Bob Williams,Manager,6715
Emma Brown,QA,2092
Alex Smith,Manager,7386
Sarah Johnson,QA,3800
Mike Davis,Manager,7200
Bob Smith,Manager,2908
Bob Brown,Manager,7132
Mike Williams,Manager,4940
Victoria Davis,Manager,8629
Jane Williams,Developer,2275
Victoria Johnson,QA,1814
Alice Johnson,Developer,5197
Victoria Smith,QA,1586
Bob Garcia,Developer,3462
David Williams,Manager,4888
David Johnson,Manager,2915
David Brown,QA,2430
Victoria Williams,Developer,5448
John Garcia,QA,1982
Alex Brown,QA,3602
Alex Brown,Manager,3961
Victoria Williams,Manager,2590
Victoria Johnson,Developer,5324
Mike Davis,Manager,2066
Jane Garcia,QA,2518
Alex Brown,QA,1095
Victoria Smith,Developer,5113
Jane Davis,Manager,4263
Mike Johnson,Manager,5662
Emma Brown,Manager,9602
Mike Garcia,QA,886
Sarah Davis,QA,2067
Bob Johnson,QA,1698
John Jones,Manager,4511
Bob Smith,QA,3045
Bob Garcia,Manager,2847
David Jones,Developer,5760
Alice Garcia,Manager,5608
Alex Garcia,Developer,4714
Mike Davis,Manager,3524
Bob Brown,QA,808
Jane Johnson,Developer,3601
Emma Williams,Developer,5576
Alex Smith,QA,2257
Jane Jones,Developer,1744
David Smith,QA,3802
Alice Davis,QA,2524
Jane Davis,Developer,7649
Bob Davis,QA,1329
Alice Williams,Manager,3878
John Miller,QA,2007
Victoria Miller,Developer,2169
Sarah Miller,QA,2295
Emma Smith,Developer,2699
David Jones,Developer,7514
John Miller,QA,3445
Alice Garcia,Developer,2902
Victoria Smith,Developer,2883
Jane Brown,Developer,4148
David Jones,Manager,3577
Jane Williams,Manager,2256
Emma Smith,Manager,2004
David Johnson,Developer,7590
Bob Williams,Developer,3784
David Brown,QA,2794
Bob Garcia,Developer,7655
Alice Johnson,Manager,7477
Alice Davis,QA,2644
Emma Williams,QA,2162
Sarah Garcia,Developer,2813
Emma Williams,QA,884
Jane Jones,Manager,4180
Alex Williams,Manager,6328
Alex Jones,Developer,7942
John Johnson,Manager,3451
Mike Smith,Developer,1593
Alice Jones,Developer,2953
Jane Miller,Developer,4176
Alex Garcia,QA,3968
Bob Brown,QA,1056
Victoria Davis,Manager,7292
Victoria Brown,Manager,4549
Jane Johnson,Manager,8252
Victoria Williams,QA,1600
Alex Miller,Manager,5678
Victoria Miller,Manager,9102
Alice Smith,Manager,8241
Mike Jones,Developer,7693
Emma Smith,Manager,6442
Mike Williams,QA,1746
Emma Brown,Developer,2183
Bob Garcia,Manager,7418
Mike Miller,QA,879
Sarah Jones,QA,878
Bob Johnson,Developer,6626
Alex Brown,QA,2669
Bob Williams,QA,3305
Sarah Smith,Developer,7120
Emma Williams,QA,1382
Jane Miller,Manager,2992
Jane Brown,Manager,5707
Sarah Garcia,QA,1604
Jane Garcia,Manager,4224
Bob Williams,Developer,4145
Bob Jones,Manager,9613
Sarah Davis,Developer,7485
Alice Miller,QA,3251
Bob Brown,Manager,8871
David Davis,Developer,5938
Victoria Williams,Developer,3286
Alice Williams,QA,1565
Alice Miller,QA,2845
Jane Garcia,QA,2167
Sarah Jones,Manager,9125
Sarah Davis,Developer,5015
Alice Jones,QA,2465
Jane Davis,Manager,5093
Alice Smith,QA,2754
Bob Jones,Manager,3463
Victoria Jones,Manager,2224
Bob Brown,Manager,5195
Victoria Williams,Developer,2373
Alex Jones,Manager,6310
Victoria Jones,Manager,9638
Jane Smith,Developer,7494
David Miller,Manager,8823
David Davis,QA,1125
Sarah Jones,Manager,9023
David Smith,Developer,4477
Victoria Jones,Manager,2845
Bob Jones,Manager,5541
Mike Miller,Manager,5361
Alice Jones,QA,1645
Mike Jones,Manager,2816
Mike Johnson,Manager,6687
John Williams,Manager,4446
Victoria Davis,Developer,4033
John Johnson,Developer,2975
John Jones,QA,2019
John Johnson,Manager,5633
Sarah Davis,QA,2835
Mike Smith,Developer,5460
Sarah Jones,QA,2680
Sarah Miller,Developer,7881
Mike Brown,Developer,3477
Sarah Jones,QA,1986
David Brown,Developer,1073
John Garcia,Developer,5279
Victoria Johnson,Developer,5536
Victoria Brown,Manager,5150
Jane Williams,Developer,5176
Sarah Williams,Developer,1488
Victoria Williams,QA,2269
Mike Miller,QA,3356
Victoria Garcia,QA,985
Victoria Davis,Manager,2322
John Williams,Developer,3921
John Jones,QA,1959
Jane Miller,Manager,3863
Mike Smith,QA,1429
Sarah Miller,Manager,5177
Bob Brown,Manager,6592
Bob Garcia,Developer,4122
Bob Jones,Developer,7221
Alice Johnson,Manager,9516
Sarah Brown,QA,1362
Emma Brown,QA,3927
Bob Jones,QA,3301
Sarah Miller,Manager,7279
Victoria Smith,QA,1451
Alice Miller,Manager,5448
John Miller,Manager,2823
Jane Garcia,Manager,5246
Alex Johnson,Developer,6269
Mike Johnson,Manager,7626
Bob Williams,QA,2089
Emma Williams,Developer,2531
Victoria Miller,QA,2222
Alice Johnson,QA,2932
Bob Brown,QA,3133
Emma Brown,QA,2941
Alex Jones,QA,3804
John Miller,Developer,5835
Jane Jones,QA,1454
Alice Davis,Manager,8638
Jane Jones,Developer,4344
Alex Johnson,QA,2551
Bob Miller,Manager,8239
Mike Smith,QA,2785
Alice Smith,QA,1965
Alex Jones,Developer,7898
Sarah Brown,Developer,2961
Victoria Garcia,Developer,6953
Jane Williams,QA,2194
Victoria Davis,Manager,4406
Mike Smith,Manager,9677
Jane Brown,Manager,5031
Jane Davis,Manager,5431
Alex Johnson,Manager,8850
Alice Jones,Manager,7516
Alex Jones,QA,2549
John Garcia,Manager,4166
John Brown,Developer,7879
Jane Davis,Manager,8652
Sarah Garcia,Developer,1407
Mike Jones,QA,3746
David Miller,QA,3005
Sarah Brown,Manager,3290
Sarah Johnson,Manager,5784
Emma Brown,QA,2276
Jane Davis,Manager,9668
Mike Williams,Developer,4880
Alice Johnson,QA,3603
Bob Williams,Developer,2789
John Davis,Developer,4495
Mike Jones,Developer,4705
Bob Smith,Developer,5929
Emma Williams,Manager,7700
David Brown,Manager,4163
Jane Brown,Developer,1360
Jane Williams,QA,3880
Alice Davis,Manager,8918
Alice Brown,Developer,7360
David Brown,QA,1330
John Davis,QA,1539
John Jones,QA,873
Jane Brown,QA,3035
Alice Brown,Developer,1577
Emma Miller,QA,2883
Jane Johnson,QA,3349
Victoria Smith,Manager,3106
Mike Johnson,Manager,9481
Mike Williams,QA,1383
David Davis,QA,1906
Jane Johnson,Manager,8469
Alice Brown,Developer,3294
Emma Williams,Developer,2869
Victoria Johnson,QA,2150
Jane Williams,Developer,7803
Emma Miller,Developer,4706
Alice Miller,QA,3748
David Miller,QA,2284
Emma Jones,Manager,5886
Mike Smith,Developer,5335
Jane Davis,QA,1535
Mike Johnson,QA,1952
Alice Smith,QA,1359
Sarah Jones,QA,2194
Mike Davis,Manager,5156
Alice Garcia,Developer,6106
Mike Jones,Developer,4012
Alice Johnson,QA,2032
Emma Johnson,Manager,7914
David Garcia,QA,3431
Alex Brown,QA,3494
Alice Johnson,Manager,4507
Sarah Garcia,QA,2957
Victoria Johnson,Developer,1538
Alex Davis,QA,2312
Jane Garcia,QA,2992
Alice Brown,Developer,3902
Alex Miller,Manager,6638
John Davis,QA,1960
Sarah Garcia,Developer,3187
David Johnson,QA,853
Alex Davis,Developer,7808
David Garcia,Developer,1988
Alex Davis,Manager,3500
Bob Williams,Manager,4650
Emma Davis,Developer,1326
John Miller,Developer,2194
Alex Davis,QA,1864
Bob Williams,Manager,5627
Jane Davis,QA,1573
Jane Johnson,Manager,9018
Jane Johnson,Developer,6999
Bob Jones,Manager,5144
Mike Johnson,Manager,8844
Bob Johnson,Developer,6111
Emma Garcia,QA,3727
Victoria Johnson,Developer,3330
Victoria Miller,Developer,5275
David Garcia,Developer,4963
Sarah Jones,Manager,5774
Alex Miller,Manager,8828
Alice Jones,QA,3790
Mike Garcia,Manager,5256
Mike Johnson,QA,1822
Bob Davis,QA,1517
John Jones,Manager,6087
David Davis,QA,3792
Emma Johnson,Developer,3979
Bob Williams,Manager,2033
Victoria Jones,Manager,2320
Alice Miller,Developer,7188
Alex Miller,QA,2976
Emma Garcia,Developer,3159
Emma Davis,Developer,6010
Bob Jones,Manager,2445
Alice Williams,QA,1328
Alex Johnson,Developer,2249
Victoria Davis,Developer,5988
Sarah Brown,QA,2301
Bob Davis,Manager,9740
John Davis,Manager,5672
John Garcia,Developer,7956
David Jones,Manager,5096
Jane Miller,Manager,4695
Sarah Brown,Developer,6662
David Garcia,Manager,4118
Alice Williams,Developer,1102
Sarah Miller,QA,2395
Alex Williams,Manager,9320
Jane Garcia,Manager,8627
Mike Jones,Developer,5256
Mike Miller,QA,2633
Alice Miller,QA,2963
Alex Brown,QA,3986
David Jones,Developer,7605
Mike Davis,Developer,3342
Sarah Johnson,Developer,1749
Jane Davis,QA,2009
Mike Williams,Developer,3700
David Miller,Developer,4243
Bob Johnson,QA,2510
Jane Smith,Manager,8441
Alex Smith,Developer,4125
Victoria Johnson,Manager,8099
David Davis,Manager,3806
Victoria Jones,Developer,1558
Alex Davis,Developer,6159
Bob Garcia,Manager,2447
Jane Williams,QA,850
David Williams,Manager,2759
Emma Davis,Developer,3208
Victoria Williams,Developer,1914
Alice Johnson,Manager,9805
Sarah Williams,Developer,3724
Sarah Smith,Manager,7529
John Johnson,Developer,1395
John Brown,Manager,4825
Victoria Johnson,Manager,7090
Sarah Brown,Developer,2596
Bob Garcia,Developer,4435
Alice Miller,Manager,4225
David Williams,QA,982
Jane Williams,QA,1706
Alice Garcia,Developer,4311
David Miller,Developer,2488
Bob Davis,QA,3009
Victoria Williams,Manager,2385
Alice Brown,Developer,1703
Emma Jones,Manager,3237
Bob Williams,Developer,1904
Alex Smith,QA,863
Alex Smith,Manager,7421
Alice Johnson,QA,3352
Emma Johnson,Manager,5422
Alex Smith,Manager,7582
Alex Garcia,QA,3848
Alice Miller,Developer,6191
John Jones,Manager,5627
David Jones,Manager,4956
Bob Johnson,Developer,1887
Bob Garcia,Manager,9737
Alice Brown,Manager,9386
Sarah Garcia,QA,2516
Alex Smith,Manager,6156
Sarah Garcia,Developer,7104
Bob Jones,Developer,1187
Mike Brown,Developer,5676
Alex Miller,Manager,7407
David Davis,QA,1118
John Williams,Developer,6736
Emma Johnson,Developer,7039
Bob Garcia,Developer,1124
David Davis,Developer,2079
Alex Williams,QA,3025
John Brown,Developer,1708
Alex Davis,Developer,3027
John Johnson,Developer,6860
Bob Williams,Developer,1975
Alice Jones,Developer,7371
Mike Williams,Developer,6014
Mike Jones,QA,1558
Victoria Garcia,Manager,8227
Emma Williams,Manager,3585
Alice Smith,Developer,3507
Victoria Smith,Developer,4843
Alice Davis,Developer,7039
Victoria Jones,QA,1475
Emma Smith,QA,1769
Emma Brown,Developer,7903
Jane Jones,Manager,2803
Bob Jones,Developer,4362
Mike Garcia,Developer,1605
John Brown,Developer,7024
Jane Davis,QA,1401
David Brown,Manager,4620
John Davis,Developer,4605
Mike Jones,Developer,1547
Victoria Miller,QA,3751
Victoria Brown,QA,1916
Alice Jones,Manager,9704
David Williams,Developer,3196
Bob Jones,Developer,4613
Jane Miller,QA,3511
Bob Davis,Developer,6488
Alice Johnson,QA,3360
Bob Miller,Developer,2622
David Brown,Manager,7086
Bob Williams,QA,3420
Alice Jones,Developer,7652
Sarah Davis,Manager,3227
John Garcia,Manager,5078
John Miller,QA,1629
Victoria Johnson,Developer,5393
Alex Smith,Developer,2867
Victoria Davis,Developer,2752
Victoria Smith,QA,803
John Davis,QA,2731
Sarah Brown,Manager,5832
Jane Williams,QA,833
Sarah Brown,Developer,7248
John Brown,Developer,3116
Sarah Smith,Manager,3043
Jane Brown,Developer,6738
Victoria Williams,Manager,2008
Bob Brown,Manager,2073
Emma Miller,Manager,3616
David Garcia,Developer,4925
Sarah Jones,Manager,2573
Jane Miller,Developer,2353
Bob Brown,Developer,7225
Emma Garcia,Manager,3835
John Smith,Manager,3137
David Williams,Developer,4240
Mike Jones,Developer,2980
Alex Garcia,QA,958
Alex Jones,Manager,6751
Victoria Brown,Manager,8866
David Smith,Manager,8584
Victoria Garcia,Manager,9957
Jane Smith,Manager,8047
Sarah Miller,Developer,1348
Bob Davis,QA,2162
Alice Miller,Manager,9371
Jane Davis,QA,1359
Victoria Garcia,Developer,3756
John Garcia,Developer,5167
Alice Miller,Manager,4201
Mike Williams,QA,1283
Alex Williams,Developer,7262
Alice Davis,Manager,8148
Sarah Brown,Manager,5031
John Garcia,Developer,2921
Emma Brown,Developer,2750
David Williams,Developer,5865
Alice Davis,Developer,3710
Mike Davis,QA,3911
Sarah Miller,QA,1363
Bob Williams,Manager,6558
Bob Garcia,Developer,3409
Emma Garcia,Manager,3588
Alex Johnson,QA,3258
Sarah Jones,Developer,6525
Sarah Brown,Developer,4273
Alice Davis,Developer,1271
Mike Miller,Manager,8126
Alice Smith,Manager,5064
Alex Brown,QA,1574
David Williams,Manager,2704
Victoria Garcia,QA,3345
Bob Williams,Developer,6199
John Garcia,QA,2416
Sarah Garcia,Developer,7639
Jane Smith,Developer,3590
Alice Williams,Manager,9463
Alice Miller,Developer,5734
Sarah Johnson,Developer,2789
Emma Garcia,Developer,1111
Emma Williams,Developer,7068
Mike Brown,Developer,2862
Victoria Johnson,Developer,3301
Bob Garcia,QA,2370
John Davis,Developer,7412
Emma Williams,QA,2712
John Smith,QA,2153
Emma Miller,Developer,6970
David Davis,QA,2551
Mike Brown,QA,2973
Alice Jones,Manager,5483
David Jones,QA,3913
Alice Garcia,QA,3371
Victoria Williams,Manager,7425
Alex Garcia,Developer,3858
Emma Johnson,QA,3323
Emma Garcia,Manager,5321
Bob Johnson,QA,814
Victoria Jones,Developer,6826
Bob Johnson,QA,2368
Jane Davis,QA,3847
Alex Davis,Manager,8680
David Williams,Manager,2406
Bob Brown,Developer,2101
Alex Johnson,Developer,7755
Alex Brown,QA,2880
David Miller,QA,2842
Mike Jones,Manager,7170
Emma Johnson,Developer,5122
Victoria Brown,QA,3765
Emma Miller,Manager,4099
Sarah Miller,QA,805
Victoria Davis,Manager,6489
Bob Davis,Manager,9377
Alice Brown,Manager,3161
Victoria Jones,Developer,2775
Mike Johnson,Manager,7136
Alice Williams,Developer,6478
Alice Williams,QA,1288
Bob Brown,Developer,2986
John Smith,QA,2200
Alice Brown,QA,1400
Sarah Jones,Developer,1850
Alex Williams,Manager,4596
Mike Brown,Developer,4939
Emma Brown,QA,3143
Mike Jones,Manager,8320
John Johnson,Developer,6105
Emma Davis,Developer,4768
Alex Garcia,QA,2876
Alex Jones,Developer,5856
Emma Davis,Developer,1847
John Jones,QA,1240
Alice Johnson,Developer,4695
Jane Miller,QA,841
David Jones,QA,2081
Sarah Miller,Manager,3851
Victoria Garcia,Manager,5139
Jane Brown,QA,2466
Sarah Garcia,Manager,5450
Mike Garcia,Manager,5677
David Brown,Manager,8489
David Miller,Developer,5414
Alex Johnson,Developer,7742
Bob Garcia,Developer,2191
Mike Miller,QA,1691
Alice Jones,QA,1289
Jane Brown,QA,2389
Alex Davis,Manager,7109
Alice Davis,Manager,3005
Victoria Williams,Manager,8927
Mike Jones,Developer,5365
Alex Garcia,QA,865
Alice Jones,QA,2873
Alex Miller,QA,2678
Alice Garcia,Developer,1280
Sarah Smith,QA,3712
Victoria Williams,Manager,8209
Alice Brown,QA,3446
Victoria Williams,QA,2473
Bob Davis,Developer,7370
David Williams,QA,1818
Bob Brown,Manager,9673
Emma Davis,Manager,3887
Jane Smith,Manager,5370
Alice Garcia,Developer,7368
Bob Jones,Developer,6125
Emma Smith,Manager,2808
Alex Smith,QA,3979
David Johnson,QA,3537
Sarah Williams,QA,1049
Emma Brown,QA,3717
Victoria Johnson,Manager,4483
Alice Jones,Developer,4558
Jane Garcia,Manager,5316
Victoria Smith,QA,1723
Mike Brown,Developer,4280
David Jones,Developer,7852
Alex Johnson,Developer,5692
Bob Smith,Developer,6581
John Jones,Developer,1288
Mike Brown,Manager,2893
John Smith,QA,3755
Mike Miller,Developer,3092
Jane Johnson,QA,815
Alice Williams,Developer,1517
Sarah Smith,QA,3530
Jane Brown,Manager,7033
Sarah Brown,Developer,3387
Bob Davis,Manager,4588
John Miller,Developer,6134
Sarah Brown,QA,3672
Mike Miller,QA,2998
John Johnson,Developer,7072
Victoria Miller,Manager,9987
Alice Jones,Developer,4343
David Jones,Developer,5322
Emma Jones,Developer,2673
Sarah Smith,Developer,2874
Mike Davis,Developer,3327
Bob Davis,QA,3099
Victoria Davis,QA,3643
John Brown,Manager,6020
Alex Williams,QA,1141
Alice Miller,QA,3336
Sarah Brown,Manager,7807
Alice Garcia,QA,3551
Jane Smith,QA,1748
David Garcia,Developer,1489
John Davis,QA,915
Alice Davis,Manager,2482
Sarah Smith,Developer,6085
Emma Williams,Developer,2707
Alice Davis,Developer,4588
Bob Johnson,QA,2367
Jane Jones,Manager,2594
Alex Brown,Developer,1331
Bob Brown,Manager,3235
Sarah Davis,Developer,5221
Emma Williams,Manager,5370
Mike Smith,QA,1517
Bob Garcia,Developer,4539
Alice Davis,QA,829
Emma Davis,QA,3602
John Johnson,QA,2331
Mike Garcia,Manager,2936
Victoria Williams,Developer,1187
Mike Jones,QA,3181
David Williams,QA,1566
Alice Smith,QA,2928
David Johnson,Developer,2780
Alice Williams,QA,2106
Bob Brown,Developer,2446
Emma Garcia,Developer,2644
Emma Jones,QA,1511
John Miller,Developer,5058
Sarah Miller,QA,2036
David Miller,QA,1958
Mike Miller,Manager,7333
Bob Smith,Manager,4495
Bob Brown,Manager,8914
Jane Miller,Developer,5714
Bob Miller,Developer,4125
Emma Smith,Manager,3845
Sarah Smith,Manager,2370
David Smith,Manager,5752
Alice Johnson,Manager,6961
Jane Brown,QA,1911
Victoria Williams,Manager,9513
Bob Garcia,Manager,5291
Jane Jones,Developer,4683
Mike Jones,Manager,9161
Alice Williams,Developer,1444
Alex Johnson,Developer,6755
Emma Williams,Developer,1277
Emma Davis,Manager,8046
Sarah Williams,Developer,3832
Mike Davis,QA,1742
Bob Smith,Developer,4198
Victoria Johnson,QA,2198
Alice Garcia,Developer,5104
John Miller,Developer,3187
Alex Miller,Manager,7174
David Smith,Developer,3690
John Brown,QA,1317
Alex Johnson,Manager,3399
Emma Garcia,Developer,1237
Mike Brown,QA,2787
John Garcia,Manager,9280
Sarah Johnson,QA,3223
Bob Williams,Manager,7416
Alice Davis,Developer,4087
Alex Davis,QA,3103
Jane Garcia,Developer,1316
Jane Miller,QA,3412
Bob Davis,Developer,5833
John Brown,QA,2082
David Williams,Developer,5090
Bob Garcia,Manager,4768
Alice Davis,Manager,3319
Victoria Brown,Developer,2060
Jane Johnson,Developer,1502
Mike Davis,Developer,6521
Victoria Smith,Developer,6603
Sarah Miller,QA,1549
John Johnson,Manager,8296
Alice Williams,Manager,4705
Sarah Johnson,Manager,2687
David Garcia,QA,2252
David Johnson,Manager,4789
Mike Brown,Manager,3718
Sarah Johnson,QA,3512
David Miller,Developer,5930
Mike Smith,QA,1354
Alex Jones,Developer,4985
John Brown,Developer,6022
Sarah Jones,QA,2031
Bob Johnson,Manager,2441
David Miller,Manager,6433
Alice Brown,Developer,4985
Emma Brown,QA,922
Mike Johnson,Developer,4152
John Miller,QA,2737
Bob Davis,QA,2474
Alex Davis,Developer,4460
Alice Johnson,Manager,6628
Emma Jones,Manager,6296
Mike Brown,QA,899
David Brown,Developer,4964
John Garcia,Manager,7109
Alex Johnson,Developer,5474
Jane Brown,Manager,7353
Victoria Johnson,QA,2287
Alex Davis,Manager,3562
Sarah Davis,Manager,4493
Bob Smith,Developer,7540
John Garcia,Manager,6866
John Davis,QA,2180
David Johnson,QA,2006
Jane Jones,QA,1740
Mike Johnson,QA,3195
David Brown,QA,1602
Emma Garcia,Developer,3436
Alice Davis,Manager,6527
Mike Jones,Developer,4785
David Davis,Manager,4607
David Brown,QA,1205
Bob Miller,QA,2999
Emma Smith,Developer,3750
Alice Williams,QA,3410
Alex Jones,Developer,1158
Emma Jones,QA,3300
Mike Smith,Developer,7046
John Johnson,Developer,1166
Alex Miller,Developer,2062
Jane Brown,Manager,6120
Alex Jones,Manager,3779
David Brown,QA,1865
John Smith,Manager,8552
Victoria Brown,QA,3015
Sarah Jones,QA,3923
Alice Smith,QA,990
Bob Miller,Manager,6827
Bob Garcia,QA,1508
Bob Davis,QA,3829
Sarah Davis,QA,3379
Alex Smith,Developer,6113
David Garcia,Developer,5446
Alex Miller,Manager,3812
Alice Williams,Manager,2612
Emma Davis,Developer,5043
Alex Garcia,Manager,6224
John Johnson,Developer,1077
Sarah Garcia,QA,1880
Alice Williams,QA,945
Jane Davis,Manager,2779
Mike Johnson,QA,2736
Bob Jones,Manager,2790
Victoria Johnson,Developer,5966
Alice Garcia,Developer,7375
Emma Williams,Developer,6104
Alice Brown,Manager,3105
John Davis,Manager,5213
Victoria Smith,Manager,3955
Alex Jones,QA,3398
Alice Williams,QA,1303
Alice Johnson,Developer,2109
Mike Smith,Manager,7608
Victoria Miller,QA,3025
John Johnson,Manager,3575
Alex Brown,QA,3181
Emma Jones,QA,3218
Alice Jones,Manager,4625
Bob Jones,Developer,5707
John Miller,QA,2794
Sarah Jones,Developer,7767
Emma Brown,Developer,7252
John Johnson,QA,3622
Alice Johnson,Developer,4273
David Davis,QA,2794
John Jones,Manager,9410
Victoria Garcia,QA,3379
Mike Jones,Developer,4889
Bob Davis,Developer,6992
Alice Williams,Manager,4123
David Johnson,QA,1563
Mike Garcia,Developer,7136
Sarah Johnson,Manager,3598
Mike Garcia,Manager,6390
John Smith,Manager,6604
John Smith,Manager,2291
Victoria Jones,Developer,3387
Mike Miller,Developer,3901
David Davis,QA,3958
Jane Brown,Developer,5969
Alice Jones,QA,3994
Sarah Jones,Developer,1422
Bob Williams,QA,1315
Jane Johnson,QA,3510
Emma Garcia,Manager,8199
Alice Garcia,QA,3256
Alex Smith,Developer,4061
Sarah Williams,QA,2124
John Smith,Developer,1028
David Garcia,QA,2667
Sarah Jones,Developer,5003
Jane Davis,QA,2091
Bob Davis,Manager,2480
Victoria Miller,Developer,5807
Sarah Williams,QA,1300
John Miller,QA,872
Jane Jones,Developer,2667
David Johnson,Manager,6428
Alex Davis,Manager,4932
Alex Jones,Developer,7941
Alex Williams,QA,1804
Alex Miller,Developer,4594
Alex Brown,QA,2572
Mike Garcia,Manager,6405
Mike Jones,Developer,7190
David Williams,Developer,6961
Mike Davis,Manager,3205
Emma Garcia,QA,2511
Bob Miller,Manager,3384
Alice Davis,Developer,4852
David Smith,Manager,6480
David Smith,Manager,9705
Mike Jones,QA,3392
Alice Johnson,QA,1422
Emma Johnson,Developer,6191
Victoria Miller,QA,1314
Victoria Williams,Manager,6272
David Williams,Manager,4276
Sarah Garcia,Developer,4335
Victoria Brown,QA,2091
David Jones,Developer,6563
Emma Williams,QA,3303
Bob Brown,Manager,4364
Jane Jones,Manager,7727
Jane Jones,Manager,7277
Sarah Garcia,QA,1206
Bob Davis,QA,1559
Sarah Williams,Manager,3381
Alice Smith,Developer,1961
John Garcia,QA,3220
Alice Smith,Developer,6631
Victoria Williams,QA,977
Bob Williams,Developer,3944
Emma Jones,QA,1212
Bob Smith,Developer,5593
Alice Garcia,Developer,4316
Sarah Davis,Manager,9180
Victoria Brown,Manager,3668
Sarah Smith,QA,3570
Bob Davis,Manager,9620
Bob Johnson,QA,3691
Emma Williams,Manager,8077
Mike Davis,Manager,4132
Alex Garcia,QA,3380
David Davis,QA,2625
David Johnson,Developer,6055
Alex Johnson,Manager,2793
David Williams,Manager,8859
Alice Garcia,Developer,3659
David Garcia,Manager,2856
Victoria Johnson,Manager,6548
Sarah Johnson,Developer,2188
David Brown,Manager,6408
Alice Brown,Manager,5289
Alice Miller,QA,3225
Emma Smith,Developer,5766
Alice Garcia,Developer,1847
Alice Miller,QA,3959
Alice Brown,Manager,7268
Victoria Brown,Manager,3803
Jane Miller,Manager,2888
Alex Davis,Developer,2282
Alice Jones,QA,1736
Sarah Davis,QA,2285
Sarah Jones,Manager,6045
Bob Miller,Manager,7154
Sarah Miller,QA,3217
John Johnson,Developer,6370
Emma Johnson,Manager,8337
Alex Miller,Manager,7104
Victoria Williams,Manager,6316
Alex Miller,Manager,6477
Sarah Miller,Developer,1540
Jane Davis,Manager,9216
Victoria Miller,Developer,1436
Alex Brown,Manager,7879
Mike Miller,QA,2381
Victoria Smith,Manager,4732
John Miller,QA,1392
John Jones,Developer,6975
Jane Johnson,Developer,3339
Emma Brown,Developer,7788
Jane Garcia,Manager,5288
Alex Garcia,QA,3120
Alex Brown,Manager,5962
Alice Williams,Developer,7272
Mike Miller,Manager,3523
Alex Johnson,Manager,4170
Victoria Smith,Developer,5980
Alex Garcia,Developer,2923
Bob Davis,QA,2708
Jane Smith,Developer,4836
Jane Smith,QA,2747
Jane Smith,Manager,5266
Alice Williams,QA,3166
Jane Davis,Developer,4604
David Williams,QA,2885
Victoria Miller,Developer,6431
John Brown,Developer,6619
Alice Johnson,QA,2193
Jane Smith,Developer,6675
Alice Davis,Developer,4290
Mike Miller,Manager,5980
John Smith,Developer,2173
Jane Davis,QA,3438
Bob Williams,Manager,3865
David Davis,Manager,8644
David Johnson,Developer,4185
Emma Brown,Manager,8044
Alice Williams,Developer,1330
John Smith,Manager,8386
David Brown,Manager,6717
Victoria Brown,Manager,9539
David Miller,Manager,8946
Alice Smith,QA,1727
Victoria Brown,Manager,7710
Emma Brown,Manager,9937
Alex Garcia,Developer,4204
John Smith,Developer,4981
Victoria Brown,QA,3461
David Williams,QA,3938
Victoria Williams,QA,1939
Bob Garcia,Developer,6216
Alice Davis,Developer,2215
Jane Brown,Manager,2097
Alice Smith,Manager,6255
David Brown,Developer,4596
Victoria Johnson,Developer,1307
Bob Brown,Manager,3041
David Davis,QA,3300
Emma Brown,QA,1060
Sarah Brown,Manager,4069
Jane Smith,QA,3076
Alex Williams,QA,2418
Jane Johnson,Developer,2645
Sarah Davis,QA,1183
Alice Garcia,Developer,7172
Emma Garcia,QA,910
David Williams,QA,1851
Alex Brown,QA,2597
David Smith,Manager,2699
Alice Miller,Developer,7550
Alex Miller,Manager,9355
Jane Williams,Manager,5101
Emma Jones,QA,1249
Alice Miller,Manager,8744
David Garcia,QA,3450
Mike Brown,Manager,2522
Emma Johnson,QA,1706
Emma Garcia,QA,3458
Sarah Johnson,Developer,5525
Bob Brown,QA,3117
John Johnson,Developer,7913
Jane Johnson,Developer,5528
Jane Williams,Developer,2517
Alice Williams,Manager,5026
David Smith,Manager,8630
Alex Johnson,QA,1237
John Davis,QA,3301
John Smith,Manager,7680
John Davis,Developer,5766
John Garcia,Developer,4031
Alex Garcia,Developer,7724
Alex Smith,Manager,8772
Alice Brown,Developer,5949
Emma Jones,QA,2999
Alice Miller,Developer,2838
Bob Jones,Developer,1885
John Johnson,Manager,9977
Bob Davis,QA,1766
Jane Williams,QA,1806
David Brown,Manager,3176
Alice Johnson,Developer,2029
Mike Brown,QA,1795
Alex Johnson,QA,1783
Mike Miller,QA,3016
Alice Johnson,QA,1833
Sarah Williams,QA,2713
Mike Brown,QA,1027
Mike Smith,Manager,8948
John Garcia,Developer,2891
Victoria Brown,QA,3843
Alex Davis,Developer,2100
Emma Miller,QA,2501
Jane Brown,Developer,4444
Mike Davis,Manager,8669
Alice Jones,Manager,3042
Bob Garcia,Manager,8143
Jane Williams,Developer,2717
Mike Johnson,QA,2052
Jane Jones,Developer,1504
Sarah Jones,Manager,5747
Emma Brown,Manager,9381
David Jones,Manager,5107
Emma Miller,Manager,2649
Alice Jones,QA,3863
Emma Smith,Developer,5112
Sarah Davis,Manager,5258
David Johnson,QA,3206
John Miller,Manager,7048
Bob Jones,Manager,5276
Sarah Smith,QA,1108
Alice Miller,QA,3301
Jane Smith,Developer,4717
Mike Brown,QA,3196
Bob Davis,Developer,3473
David Johnson,Developer,6178
Mike Johnson,Manager,8689
Mike Williams,Manager,7315
David Miller,QA,3589
Mike Williams,QA,1910
Jane Garcia,QA,2309
Emma Miller,Developer,3802
Emma Miller,Manager,2910
Mike Jones,Manager,7146
David Garcia,QA,1676
Mike Miller,Manager,7151
Victoria Garcia,Manager,9516
Victoria Davis,QA,1864
John Garcia,Manager,6673
Mike Brown,Manager,7442
Jane Johnson,Developer,6472
Bob Garcia,QA,3302
Sarah Davis,Developer,3689
Emma Brown,Manager,4479
Jane Davis,Manager,6920
Emma Johnson,Manager,5843
Alice Jones,Developer,3099
Jane Smith,Manager,7972
John Jones,Developer,5062
Mike Johnson,QA,2154
Jane Brown,Developer,3952
Alice Smith,Developer,5865
John Johnson,Developer,6914
John Johnson,QA,3612
Bob Smith,QA,1300
Emma Brown,QA,1938
Victoria Jones,Developer,6644
Emma Jones,QA,2962
Mike Johnson,Developer,6146
Alice Davis,Developer,5319
Emma Brown,Manager,9785
Emma Davis,Developer,1626
Victoria Smith,QA,1821
David Brown,Developer,6685
Victoria Jones,Manager,5529
Alex Smith,Developer,5329
Mike Davis,Developer,3756
Jane Brown,Developer,4214
Mike Smith,Developer,2026
John Jones,Manager,8847
Sarah Jones,Developer,2943
Alex Smith,QA,3268
David Jones,Manager,3309
Sarah Smith,Manager,9982
Emma Williams,Developer,6647
David Miller,Developer,5948
David Williams,Developer,2978
John Johnson,QA,1205
Victoria Smith,Developer,5362
Jane Brown,Manager,2542
Emma Jones,Developer,5298
Jane Smith,QA,3922
David Williams,QA,2928
Mike Miller,Manager,4813
Sarah Davis,Developer,5096
Mike Davis,QA,3499
David Brown,Manager,3462
Emma Miller,QA,2579
John Williams,Manager,4105
Alice Miller,QA,1970
David Miller,Manager,4548
Mike Williams,Developer,4313
Alex Jones,Manager,6742
John Johnson,Developer,4256
John Garcia,Developer,6867
Alex Jones,QA,1245
Sarah Garcia,Developer,3966
Emma Jones,Developer,7676
Bob Williams,Manager,6039
John Miller,QA,2412
Bob Smith,QA,3866
Alex Smith,QA,2148
Alice Garcia,Developer,7249
Sarah Davis,QA,1102
Victoria Davis,QA,2575
Victoria Williams,QA,3425
Emma Brown,QA,3601
Emma Brown,Developer,3925
Jane Williams,Manager,3053
Alex Miller,Manager,5614
Emma Smith,QA,1361
Alice Smith,Manager,5298
David Garcia,Manager,5893
Sarah Williams,Manager,9887
Mike Garcia,QA,1987
Sarah Garcia,Manager,5893
Alice Smith,Manager,4328
Bob Johnson,Developer,5082
Alex Brown,QA,3219
Victoria Williams,QA,2226
John Garcia,Manager,8859
Mike Johnson,QA,2051
Jane Davis,Developer,5055
Victoria Garcia,Developer,7864
Bob Miller,Developer,5983
Sarah Davis,Manager,9460
David Williams,Developer,2858
Jane Smith,Manager,9239
Bob Miller,Developer,7066
John Miller,QA,2101
Victoria Brown,Developer,4012
Sarah Davis,Manager,5817
Bob Smith,QA,3339
Alice Brown,QA,996
Alice Brown,QA,2309
Alex Williams,Manager,9286
Victoria Williams,QA,1168
Victoria Miller,QA,1967
Alex Johnson,Manager,7094
Jane Brown,Developer,6336
Alex Williams,Manager,2541
Emma Miller,Manager,3111
Sarah Garcia,QA,3187
Alex Johnson,Developer,4737
Alice Jones,Developer,1618
Alice Garcia,QA,1197
Victoria Miller,QA,1368
Bob Johnson,Manager,7954
Alex Garcia,Manager,5987
Alex Jones,Developer,3793
Jane Garcia,QA,1122
Sarah Jones,Developer,7241
Alice Davis,QA,2877
Emma Smith,Manager,7739
Mike Williams,Manager,2666
Jane Williams,Manager,7579
Alice Davis,QA,2086
Emma Johnson,Developer,7529
Emma Brown,QA,1603
Sarah Garcia,Manager,9434
Jane Garcia,QA,1400
Bob Davis,Developer,7151
Mike Miller,Developer,4463
Alex Garcia,Developer,2575
Victoria Garcia,Developer,1548
Sarah Miller,Developer,2377
Jane Davis,Developer,5717
Mike Smith,Manager,4134
John Miller,Manager,4807
Sarah Miller,QA,2036
Jane Johnson,Manager,5328
Alex Miller,Developer,6784
Bob Johnson,Developer,2367
Alex Williams,Developer,4104
Victoria Miller,Manager,5379
John Jones,Manager,4448
John Williams,Manager,8080
Bob Garcia,Manager,4398
Alex Garcia,Developer,2735
Alice Williams,Manager,5430
Bob Garcia,QA,3745
David Davis,Developer,5286
Mike Davis,Developer,4938
Jane Jones,Manager,2388
John Jones,QA,2632
Emma Miller,Developer,2694
Alex Williams,QA,3136
Victoria Garcia,QA,3398
Emma Garcia,QA,3905
Emma Garcia,Manager,5637
Bob Smith,QA,3390
Emma Brown,Manager,3520
Mike Garcia,Developer,2916
Bob Garcia,QA,1396
David Johnson,QA,1840
Victoria Brown,QA,3231
David Smith,Manager,4153
Emma Garcia,QA,1721
Jane Brown,Developer,5139
Sarah Brown,Manager,9273
John Smith,QA,1688
David Smith,Developer,1511
Mike Davis,Developer,6099
John Smith,QA,3402
Jane Garcia,Manager,7117
Alex Smith,Developer,2002
David Williams,QA,2839
Emma Garcia,Developer,1553
Bob Miller,Manager,5633
Sarah Williams,Developer,7267
Bob Davis,QA,3886
Bob Jones,Manager,8788
Bob Davis,QA,868
John Johnson,QA,3158
Alice Johnson,Developer,6429
Alex Williams,Manager,3065
Jane Williams,QA,1720
John Brown,Manager,3325
David Miller,Developer,5202
Mike Johnson,QA,1751
Sarah Jones,Developer,2445
Alex Smith,Developer,2769
Alex Davis,Manager,3582
David Garcia,Manager,2847
Jane Garcia,Manager,9027
Jane Johnson,QA,3372
Alice Brown,Developer,4988
Jane Miller,Developer,5150
Alex Williams,QA,2422
John Davis,Manager,9851
Jane Jones,QA,1855
Alice Garcia,QA,1317
Mike Garcia,Manager,3153
Alice Johnson,Manager,6164
Mike Johnson,Manager,7273
Sarah Williams,Developer,3502
John Jones,Manager,4189
Alice Smith,Developer,6748
Victoria Miller,QA,1819
Mike Jones,Manager,8989
Alex Williams,Manager,6323
Jane Johnson,Developer,7783
Alex Garcia,Developer,5217
Emma Smith,QA,1736
Alice Davis,QA,1432
Mike Brown,QA,3168
Sarah Brown,Developer,5793
Emma Smith,Manager,6072
Alice Brown,Manager,3523
Alice Miller,Manager,8435
Alice Johnson,Manager,2967
David Miller,Developer,3380
Sarah Brown,QA,955
John Jones,Manager,3881
David Brown,Developer,2516
Victoria Smith,QA,3388
Sarah Smith,QA,3996
Emma Miller,Developer,1488
Bob Davis,Developer,5109
Jane Jones,Developer,6932
Emma Johnson,Manager,9517
Bob Jones,Developer,1355
Bob Brown,Manager,7818
Mike Miller,QA,938
Emma Williams,QA,2030
Jane Smith,QA,3976
Jane Miller,Developer,1519
Victoria Johnson,QA,2002
David Brown,QA,1265
Sarah Davis,QA,3763
Sarah Williams,Manager,5919
David Jones,Manager,9317
Victoria Jones,Manager,6337
Alice Brown,Developer,7006
John Brown,QA,3732
Sarah Miller,Developer,5348
Bob Brown,Manager,8761
David Jones,QA,944
Jane Brown,Manager,6308
Alice Williams,Manager,8694
Mike Williams,QA,2316
Alex Johnson,QA,2014
John Brown,QA,3404
Emma Garcia,Manager,3073
Bob Davis,QA,1805
Mike Smith,Manager,5234
John Williams,Developer,7549
Jane Davis,Manager,6570
Victoria Garcia,QA,2003
David Garcia,Manager,5300
John Brown,Developer,6129
Alice Garcia,QA,1456
David Davis,Manager,2972
Alice Garcia,QA,1552
Emma Johnson,Developer,2850
Bob Brown,QA,2720
Jane Williams,Manager,7447
Bob Davis,Manager,5219
Alex Johnson,QA,2789
Victoria Johnson,Manager,4700
David Miller,QA,3469
David Smith,Developer,1060
Alex Smith,Developer,4190
David Williams,Developer,6198
Sarah Jones,QA,3496
Mike Smith,Manager,6910
Sarah Miller,QA,1060
Alex Jones,Developer,3853
John Johnson,Manager,3339
David Davis,QA,3976
Emma Jones,Manager,5405
Sarah Miller,Developer,6973
Sarah Davis,QA,3765
Jane Smith,Developer,3780
Alice Garcia,Manager,7354
John Davis,Developer,5275
Bob Miller,QA,1614
Mike Miller,Manager,6273
David Johnson,Developer,1164
Victoria Davis,QA,3675
Sarah Williams,Manager,9085
David Brown,QA,1634
Victoria Garcia,Developer,4710
Victoria Miller,Manager,8535
John Davis,Developer,3369
David Brown,Developer,4721
John Smith,QA,1153
Victoria Miller,Manager,8270
Alice Jones,Developer,5930
John Miller,Developer,2096
John Johnson,QA,2606
John Smith,QA,3063
Jane Jones,Developer,3217
Emma Garcia,Developer,6531
Jane Johnson,Developer,6815
Victoria Jones,Developer,7373
John Miller,Manager,6637
Victoria Jones,Developer,5491
Bob Miller,Developer,4447
Alice Williams,QA,1770
David Miller,Manager,2950
Victoria Johnson,QA,3781
Victoria Miller,Developer,3263
Victoria Jones,QA,3403
Jane Miller,QA,2876
Alice Smith,Manager,3185
David Miller,QA,3576
Victoria Miller,Manager,7653
Mike Johnson,QA,1328
Mike Smith,Developer,1816
Sarah Williams,QA,1260
Jane Williams,QA,2489
Victoria Jones,QA,1933
Victoria Jones,Manager,4581
Bob Miller,Developer,7846
Alice Smith,Manager,3261
Emma Davis,Developer,1145
Sarah Brown,QA,3281
David Williams,QA,1465
Victoria Miller,QA,1555
John Johnson,Manager,9116
Victoria Brown,Manager,4705
Jane Jones,Developer,3728
Emma Johnson,QA,3150
John Davis,QA,3359
Alex Jones,Developer,7500
Alex Johnson,Manager,2383
Alice Davis,Developer,7345
Sarah Johnson,Manager,8795
Jane Brown,Manager,3964
Victoria Johnson,QA,957
John Brown,QA,3234
John Johnson,QA,2868
Emma Johnson,QA,3214
Bob Smith,Developer,5457
Jane Johnson,Manager,2357
Jane Johnson,Developer,3539
Emma Garcia,Developer,2500
Mike Johnson,Developer,7127
John Davis,Developer,4299
Bob Brown,QA,877
Bob Williams,Manager,3629
Emma Jones,Developer,3963
Jane Miller,Developer,3778
David Davis,Manager,5687
Alex Brown,QA,1790
Victoria Davis,Manager,7082
Mike Smith,Developer,7862
David Brown,Developer,1068
Emma Jones,Manager,3047
Victoria Smith,Developer,3972
Emma Miller,Developer,5674
Victoria Jones,Manager,2783
Victoria Jones,Manager,3998
Alex Jones,QA,3253
Victoria Johnson,Manager,5267
David Garcia,QA,2939
Bob Jones,Developer,6310
Mike Davis,QA,3162
Alex Williams,QA,2544
Alice Brown,QA,3387
Mike Williams,QA,2759
Bob Miller,QA,3221
David Miller,QA,2386
Jane Smith,QA,3025
Sarah Smith,Manager,3925
Alice Davis,Developer,6834
Emma Jones,Developer,5425
Bob Smith,Developer,3882
Bob Brown,Manager,3286
Victoria Brown,Developer,4049
Bob Johnson,Developer,3250
John Jones,Developer,5556
Emma Davis,Developer,2481
Alice Johnson,Manager,9986
David Jones,Manager,7478
Victoria Miller,Manager,3919
Bob Miller,Developer,2270
Bob Jones,QA,819
Bob Jones,Manager,4392
David Johnson,Developer,2409
David Davis,Developer,2080
Sarah Jones,Manager,2894
John Davis,QA,3059
Bob Johnson,Manager,8480
Emma Jones,QA,3001
John Garcia,Developer,3512
Sarah Smith,Manager,7480
Alex Brown,Developer,5061
Emma Jones,Manager,5460
David Smith,QA,2242
Sarah Jones,Developer,3095
Emma Jones,Developer,7737
Emma Brown,QA,2549
Bob Williams,Developer,7082
Alice Johnson,Manager,8094
Emma Smith,QA,1962
John Davis,Developer,3138
Alice Davis,QA,3817
David Johnson,Manager,3530
Alex Garcia,QA,2525
John Davis,QA,3340
Sarah Jones,Developer,6179
Sarah Smith,QA,3336
Alice Brown,Manager,9269
Emma Davis,Manager,7628
Sarah Smith,Manager,5510
Victoria Williams,Developer,1199
Mike Johnson,Manager,2875
Jane Miller,Manager,7326
Mike Davis,Developer,1221
Emma Davis,Developer,1762
David Miller,QA,3981
Sarah Miller,QA,1967
Alice Jones,Manager,3117
John Jones,QA,1022
Sarah Garcia,QA,3048
Bob Smith,Developer,2781
Victoria Garcia,Developer,5023
Mike Jones,Manager,8575
Mike Williams,QA,3574
David Jones,QA,3933
David Williams,Developer,6425
Emma Williams,QA,3734
Sarah Smith,Developer,2978
Sarah Smith,Manager,9137
Alice Smith,QA,1589
Bob Jones,Manager,2949
Jane Williams,QA,2946
Jane Johnson,QA,3948
Alex Williams,QA,3102
David Johnson,QA,840
Sarah Davis,Manager,5624
Victoria Jones,Manager,3154
Alice Davis,Developer,4391
Bob Smith,Developer,3916
Emma Brown,QA,890
Alice Johnson,Manager,8140
Mike Williams,Developer,7486
Jane Brown,Developer,1079
Victoria Miller,QA,3379
Jane Jones,QA,3371
David Williams,QA,2370
Jane Garcia,Manager,3936
Jane Miller,Developer,6581
Alice Brown,Developer,4563
Mike Williams,QA,2547
Sarah Brown,Manager,6950
Victoria Johnson,Developer,4056
John Jones,Manager,4545
Sarah Johnson,QA,2509
Emma Williams,QA,858
Mike Jones,QA,1999
Mike Williams,QA,3459
Emma Miller,Developer,1918
Alex Garcia,Developer,5979
Mike Williams,Developer,7476
Mike Smith,Developer,4205
David Jones,Manager,7264
Alice Smith,Manager,5479
Victoria Davis,Manager,2691
Alice Miller,Manager,7389
Sarah Miller,Developer,5307
Bob Johnson,Manager,9400
John Miller,Developer,6412
Sarah Jones,QA,3128
Jane Brown,Manager,4041
Emma Williams,Developer,5089
Victoria Johnson,QA,3159
Alice Brown,Manager,3993
David Garcia,Developer,6953
Jane Brown,Developer,1753
John Davis,QA,3572
John Miller,Manager,7895
Alice Johnson,QA,1457
Bob Williams,Manager,6420
Mike Miller,QA,1267
Jane Garcia,Manager,2497
David Jones,Developer,1360
Sarah Garcia,Developer,2388
Emma Brown,Developer,2871
David Davis,Manager,6077
Bob Jones,QA,2957
Victoria Smith,Developer,3027
John Smith,Developer,3645
David Johnson,QA,3740
Emma Williams,Manager,2125
Sarah Garcia,Developer,6449
Mike Brown,Developer,4324
Mike Jones,Developer,4402
Sarah Miller,Developer,7261
Bob Garcia,Manager,6293
Sarah Jones,Developer,2353
Bob Miller,Developer,5651
Victoria Davis,Developer,1666
Mike Johnson,QA,1153
Alex Williams,QA,1034
Victoria Williams,Developer,2898
Jane Jones,QA,3741
Alex Miller,Developer,7759
Jane Garcia,Developer,7170
Bob Jones,Developer,2676
Sarah Jones,Developer,7803
Victoria Davis,Manager,8499
Alice Smith,Manager,4047
Jane Davis,QA,3515
Alice Jones,Manager,4430
Mike Johnson,Manager,3188
Alice Brown,Manager,2990
John Miller,Manager,8360
Sarah Davis,Developer,5243
Alex Smith,Developer,7967
David Brown,Developer,3447
Jane Williams,QA,3770
Alex Johnson,Developer,7739
Mike Davis,Developer,1412
John Williams,Developer,3374
Sarah Garcia,QA,1826
John Miller,Developer,1549
Alice Davis,Manager,6815
Alex Garcia,Developer,5031
Bob Miller,Manager,4322
Sarah Johnson,Developer,7684
Emma Miller,Developer,2100
Emma Smith,QA,3918
Victoria Johnson,Developer,2086
Alex Davis,Manager,6272
John Johnson,Manager,2711
Bob Williams,QA,1629
Victoria Brown,Developer,6044
Alex Smith,Developer,2335
David Williams,Manager,8973
Emma Brown,QA,1240
David Miller,Developer,4345
Mike Jones,Developer,6966
Victoria Davis,Developer,3666
Victoria Jones,Manager,7255
Victoria Garcia,Manager,9940
Mike Jones,Developer,1319
Sarah Miller,Manager,5677
Alice Jones,Manager,3157
Jane Smith,Manager,5739
Alice Jones,Developer,4542
David Williams,QA,3748
Victoria Garcia,QA,1391
David Smith,QA,803
Alice Smith,QA,3122
Sarah Smith,QA,1460
Bob Williams,Developer,3886
David Brown,Manager,9339
Jane Miller,QA,1942
Emma Davis,QA,2881
Alice Jones,Manager,2248
Alex Garcia,Developer,7334
Emma Smith,Developer,7151
Jane Smith,QA,2501
Bob Johnson,Manager,3279
David Smith,Developer,7620
Jane Williams,Developer,6585
David Garcia,Developer,7500
Victoria Garcia,Manager,3851
Alice Williams,Developer,2542
John Williams,Developer,2024
Mike Johnson,Manager,8908
Sarah Jones,Developer,7821
Alice Brown,Manager,7251
Victoria Garcia,Developer,7237
Bob Johnson,Manager,2897
Alice Brown,Developer,5596
Jane Garcia,QA,3414
Mike Garcia,Manager,6913
Mike Brown,Manager,7790
Sarah Smith,Manager,8101
Emma Brown,Manager,4113
Victoria Garcia,QA,1351
Sarah Smith,QA,2905
John Jones,Manager,5767
Victoria Brown,Manager,8503
David Smith,QA,2109
David Johnson,QA,3941
Mike Williams,Developer,2819
Jane Smith,Manager,3130
Sarah Jones,Manager,3774
Bob Davis,QA,3862
David Davis,Developer,4361
Sarah Davis,Manager,4293
Alice Jones,Developer,7265
Bob Williams,Developer,3971
Victoria Jones,Developer,7614
David Garcia,Manager,3402
John Miller,Manager,5854
Jane Miller,Developer,3815
Alice Johnson,Developer,7960
Alice Smith,Developer,3764
Bob Williams,Developer,2670
David Williams,QA,816
Mike Miller,Manager,4143
Alice Davis,QA,831
Victoria Williams,Manager,9709
Sarah Garcia,QA,1973
Alex Johnson,Developer,6531
David Miller,QA,951
Alice Williams,QA,2783
Victoria Miller,QA,1858
Alice Jones,Manager,2563
Alex Garcia,QA,2296
Bob Brown,Developer,7853
Emma Johnson,Developer,1328
Alice Smith,Manager,7545
David Smith,Manager,4226
Mike Johnson,Developer,4479
Jane Smith,Developer,5323
Alex Williams,Manager,6059
Alice Miller,Developer,1338
Mike Davis,QA,1975
Emma Williams,Manager,3697
Alex Miller,QA,1636
Alice Smith,QA,1015
Sarah Johnson,Manager,8857
John Miller,Developer,4803
Alice Davis,QA,1242
John Garcia,QA,1518
Alice Jones,Manager,8841
Emma Williams,Manager,8279
Bob Johnson,Developer,7172
Alex Brown,Developer,7965
John Garcia,QA,1294
Sarah Brown,Developer,5263
Bob Jones,Developer,6957
Mike Williams,Manager,8383
Sarah Smith,QA,3183
Jane Brown,QA,3413
Sarah Davis,QA,3746
David Davis,QA,3030
John Johnson,Manager,3907
Alex Johnson,Manager,7078
Alice Smith,Manager,9742
Victoria Davis,Manager,4525
John Williams,Developer,1695
Bob Miller,QA,2328
Bob Garcia,Developer,6780
Victoria Johnson,Manager,9142
Alice Davis,QA,2657
Sarah Williams,Manager,6052
Alex Davis,Manager,9381
John Williams,Developer,6152
John Miller,QA,1944
Alice Smith,Developer,2316
Alice Smith,Manager,9068
Sarah Williams,QA,3474
Alice Davis,Manager,3303
Mike Miller,Developer,6064
Sarah Miller,QA,1457
David Garcia,Developer,7179
Bob Jones,Manager,7724
John Miller,Manager,5839
David Smith,QA,2617
Victoria Davis,QA,3616
John Jones,QA,1697
David Jones,QA,1070
Alex Johnson,QA,2003
Sarah Johnson,Manager,9095
Victoria Williams,Developer,2327
Mike Williams,Developer,6401
Bob Davis,Manager,8315
Mike Smith,Developer,5183
Jane Johnson,Manager,5688
Emma Davis,Developer,1236
Alice Williams,QA,2269
Alex Jones,Manager,2256
John Davis,QA,1837
Sarah Jones,Developer,4459
Jane Brown,QA,1666
Alex Brown,Manager,8774
Jane Brown,Developer,6431
Alice Brown,Manager,2442
David Miller,Manager,6723
David Jones,Developer,1665
John Miller,QA,1431
John Smith,Developer,4365
Mike Davis,Manager,3096
Victoria Garcia,QA,1327
Sarah Johnson,Manager,4677
Mike Johnson,Developer,2507
Victoria Garcia,QA,1382
Alex Miller,Manager,4822
Mike Williams,Developer,1980
Emma Jones,Manager,9343
Victoria Davis,Manager,6548
David Johnson,QA,3604
Victoria Brown,Manager,7025
Alice Brown,Manager,2769
Sarah Smith,Developer,2862
David Brown,QA,816
Alice Williams,QA,3254
David Garcia,Developer,7297
Sarah Jones,Manager,2469
David Garcia,Manager,8311
Bob Johnson,Developer,4879
Alex Garcia,Developer,7568
Sarah Jones,QA,1521
Victoria Davis,QA,1913
Alice Brown,Developer,5059
Bob Miller,QA,1561
David Williams,QA,2167
David Jones,Developer,3194
Sarah Miller,QA,1117
Mike Jones,QA,3383
Jane Garcia,Developer,4396
Sarah Johnson,Manager,8701
Jane Johnson,Manager,8283
Bob Williams,Manager,9725
John Garcia,Manager,4919
Emma Garcia,Manager,7694
Mike Smith,Manager,8093
Alice Smith,Manager,7359
Jane Brown,Manager,4330
Sarah Williams,QA,3804
Jane Jones,Manager,9375
Emma Johnson,QA,2419
Bob Johnson,QA,905
Victoria Williams,Manager,3748
David Williams,Developer,7294
Victoria Brown,Manager,7440
Bob Davis,QA,1287
Mike Jones,Manager,7878
Emma Jones,QA,2056
Alice Miller,Developer,4449
Emma Williams,Developer,5569
Alice Garcia,Developer,4484
Sarah Garcia,Developer,5350
Bob Brown,Developer,7465
Bob Miller,QA,1644
Jane Williams,Manager,3294
David Brown,Manager,6904
Alex Davis,QA,2148
David Brown,Manager,5253
Alice Garcia,QA,3578
Sarah Miller,Manager,4671
Victoria Davis,Manager,3846
Alex Jones,Manager,2691
Bob Davis,Developer,1874
David Brown,Manager,7389
Emma Miller,QA,1403
Alex Jones,Developer,2398
Mike Miller,Developer,4566
Mike Miller,Developer,7138
Alex Johnson,Developer,3531
David Garcia,QA,2958
Victoria Jones,Manager,5902
Alex Williams,Developer,4096
Mike Williams,QA,1359
Victoria Miller,QA,3070
Emma Brown,Developer,4649
John Brown,Manager,5920
Sarah Davis,Manager,7088
Mike Williams,Manager,8129
Alex Jones,Developer,1629
Emma Miller,Developer,3576
Mike Davis,QA,3807
Victoria Brown,QA,3977
Jane Brown,Manager,9239
David Williams,QA,3140
Sarah Williams,Manager,7266
Sarah Garcia,Manager,7816
Mike Jones,QA,2496
John Davis,Manager,8904
Victoria Johnson,Developer,5341
Sarah Brown,QA,2316
David Jones,QA,2115
Alice Williams,QA,3343
David Brown,QA,1405
Alice Garcia,Developer,1716
Sarah Johnson,Manager,9944
David Garcia,Manager,4896
John Jones,QA,2128
Sarah Johnson,Manager,2800
Sarah Jones,QA,1742
Victoria Jones,Manager,7864
Victoria Jones,Manager,5492
Alex Johnson,Developer,6560
John Miller,Manager,9470
Emma Smith,Developer,4426
David Williams,Developer,1255
David Davis,Manager,3517
Mike Jones,Developer,4486
Bob Davis,Manager,8199
Bob Smith,Developer,2045
John Brown,Developer,4207
David Miller,QA,1425
David Brown,Manager,8004
Victoria Williams,QA,3278
Sarah Garcia,QA,2309
Alex Miller,Developer,7580
Sarah Brown,QA,1363
Jane Davis,Manager,6222
Alice Williams,Manager,8301
Mike Johnson,Developer,1264
David Miller,Developer,7476
Emma Garcia,Manager,8519
Victoria Johnson,QA,2244
Sarah Johnson,QA,2970
Alice Smith,Developer,5374
Bob Johnson,QA,3865
Mike Johnson,QA,3726
Alex Garcia,QA,1461
Emma Williams,Developer,5392
Sarah Williams,Manager,9159
John Jones,Developer,3806
Mike Miller,Manager,6640
John Smith,QA,2664
David Johnson,Manager,2198
David Garcia,Developer,4296
Victoria Jones,Developer,4093
Alice Miller,Developer,5071
Jane Jones,QA,1537
Emma Garcia,Manager,2081
Alice Davis,Manager,2236
Alex Smith,Manager,5113
Emma Johnson,Developer,1814
Alex Smith,Developer,5684
Alice Garcia,QA,1098
David Miller,Developer,2547
John Jones,QA,2041
Bob Williams,Manager,3260
David Jones,Developer,5950
Victoria Brown,Developer,2050
Sarah Miller,Manager,7292
John Garcia,Manager,7153
Emma Brown,Manager,3605
Bob Miller,Manager,8352
Bob Davis,QA,3983
Bob Miller,Developer,7398
Emma Davis,Developer,3747
Jane Williams,Manager,3982
Mike Jones,Manager,6099
Alex Smith,QA,1732
Mike Smith,QA,2291
David Johnson,Developer,5128
Emma Williams,Manager,6357
Alex Jones,Developer,4559
Alice Miller,Manager,9251
Alice Smith,QA,1215
Jane Johnson,Manager,9005
Bob Williams,Manager,4090
David Smith,Developer,6728
John Miller,QA,3100
Jane Smith,Manager,6192
Jane Davis,QA,1632
Victoria Jones,QA,2673
Alex Smith,QA,3708
Alice Garcia,QA,2758
David Johnson,QA,3338
Alex Brown,Manager,4982
Bob Smith,Developer,6049
John Jones,Manager,8866
Victoria Jones,QA,1480
Alice Davis,Developer,6299
Jane Miller,QA,1608
Jane Davis,QA,2050
Sarah Brown,QA,2488
Sarah Jones,Developer,5309
Alice Brown,Manager,5236
Alex Brown,Manager,2636
John Garcia,QA,1616
David Davis,QA,3513
David Davis,QA,2124
Victoria Jones,Developer,1137
Mike Johnson,Developer,5378
David Johnson,QA,1883
Victoria Smith,Manager,5067
John Garcia,QA,1084
Victoria Garcia,QA,945
Victoria Johnson,Manager,3943
Emma Williams,Manager,2778
Sarah Garcia,QA,2244
Emma Miller,Developer,4244
David Brown,Developer,4196
Mike Garcia,Developer,4360
Emma Garcia,Manager,2797
David Davis,Manager,3646
Bob Johnson,Developer,1252
John Garcia,Developer,6408
David Davis,Manager,3033
Alex Jones,Manager,5724
David Davis,Manager,4734
Jane Williams,QA,2075
Bob Miller,QA,825
Sarah Johnson,QA,3227
Victoria Smith,QA,1814
Bob Smith,Manager,7752
David Smith,Developer,6366
Emma Brown,Developer,5652
David Williams,QA,3947
Jane Garcia,Manager,2527
Alice Johnson,Developer,5926
Alex Miller,QA,3689
Victoria Miller,QA,2923
John Smith,QA,1316
Bob Smith,Developer,3367
Sarah Davis,QA,2671
Alex Garcia,Manager,6643
Sarah Miller,QA,862
